benchmark_run_id,chunker,embedding,vector_store,retriever,reranker,evaluator,mode,query_count,chunk_count,embedding_dimension,embedding_latency_s,upsert_latency_s,avg_latency_ms,recall_at_1,recall_at_3,recall_at_5,recall_at_10,mrr,ndcg_at_10,precision_at_5,recall_at_5_ci_low,recall_at_5_ci_high,category_recall_at_5,hit_examples,miss_examples,errors
mod_0001,entity_heuristic_w6,jina_v3,Qdrant,dense_cosine,Amazon Rerank v1,overlap_relevance,local_offline_fallback,506,214,384,0.140182,1e-06,21.404815,0.784585,0.889328,0.93083,0.968379,0.842419,0.859099,0.710672,0.909042,0.950642,"{""general"": 0.763636, ""passport_dob"": 0.0, ""pnr"": 0.944444, ""rebooking"": 0.950311, ""refund"": 0.97449, ""ticketing"": 0.6875, ""voucher"": 1.0}","[{""query_id"": 1, ""query"": ""customer has multi pnr and received voucher email only for one pnr"", ""category"": ""voucher"", ""top_ids"": [163, 75, 124, 29, 195]}, {""query_id"": 2, ""query"": ""what is the difference between open ticket and voucher"", ""category"": ""voucher"", ""top_ids"": [119, 126, 120, 147, 125]}, {""query_id"": 3, ""query"": ""what is vi order"", ""category"": ""pnr"", ""top_ids"": [27, 193, 88, 60, 25]}, {""query_id"": 4, ""query"": ""how to display an old emd record"", ""category"": ""voucher"", ""top_ids"": [125, 136, 164, 41, 207]}, {""query_id"": 5, ""query"": ""what is sc script - rir message for manual and auto handling in travelport"", ""category"": ""pnr"", ""top_ids"": [120, 132, 10, 176, 160]}]","[{""query_id"": 34, ""query"": ""what are the systems used in flight irregularities"", ""category"": ""general"", ""top_ids"": [94, 81, 109, 150, 86]}, {""query_id"": 39, ""query"": ""how to add a remark"", ""category"": ""rebooking"", ""top_ids"": [125, 163, 133, 153, 162]}, {""query_id"": 41, ""query"": ""how to add osi & ssr"", ""category"": ""pnr"", ""top_ids"": [163, 48, 214, 7, 173]}, {""query_id"": 42, ""query"": ""how to add passport information and frequent flyer"", ""category"": ""passport_dob"", ""top_ids"": [163, 7, 173, 36, 202]}, {""query_id"": 51, ""query"": ""what are the main payment systems (psp) that arn currently uses"", ""category"": ""general"", ""top_ids"": [126, 81, 154, 6, 172]}, {""query_id"": 141, ""query"": ""what are the customer target groups"", ""category"": ""general"", ""top_ids"": [74, 31, 197, 57, 30]}, {""query_id"": 161, ""query"": ""how to handle retail loss approval for tl/managers/coordinators/cr"", ""category"": ""refund"", ""top_ids"": [41, 207, 43, 209, 9]}, {""query_id"": 185, ""query"": ""what is the command used to add the ticketing time limit"", ""category"": ""pnr"", ""top_ids"": [134, 149, 147, 153, 125]}, {""query_id"": 199, ""query"": ""how to check the baggage allowance in the fares priced"", ""category"": ""general"", ""top_ids"": [94, 86, 54, 46, 212]}, {""query_id"": 210, ""query"": ""steps for name correction or name change"", ""category"": ""general"", ""top_ids"": [37, 203, 39, 205, 38]}]",
mod_0002,entity_heuristic_w6,jina_v3,Qdrant,dense_cosine,Qwen3:4B Rerank,overlap_relevance,local_offline_fallback,506,214,384,0.140182,1e-06,21.849369,0.79249,0.895257,0.928854,0.968379,0.847936,0.862664,0.71581,0.905138,0.950642,"{""general"": 0.781818, ""passport_dob"": 0.0, ""pnr"": 0.944444, ""rebooking"": 0.937888, ""refund"": 0.97449, ""ticketing"": 0.6875, ""voucher"": 1.0}","[{""query_id"": 1, ""query"": ""customer has multi pnr and received voucher email only for one pnr"", ""category"": ""voucher"", ""top_ids"": [163, 160, 75, 124, 29]}, {""query_id"": 2, ""query"": ""what is the difference between open ticket and voucher"", ""category"": ""voucher"", ""top_ids"": [119, 120, 126, 125, 147]}, {""query_id"": 3, ""query"": ""what is vi order"", ""category"": ""pnr"", ""top_ids"": [27, 193, 88, 60, 25]}, {""query_id"": 4, ""query"": ""how to display an old emd record"", ""category"": ""voucher"", ""top_ids"": [125, 136, 164, 41, 207]}, {""query_id"": 5, ""query"": ""what is sc script - rir message for manual and auto handling in travelport"", ""category"": ""pnr"", ""top_ids"": [132, 10, 176, 120, 160]}]","[{""query_id"": 34, ""query"": ""what are the systems used in flight irregularities"", ""category"": ""general"", ""top_ids"": [81, 86, 94, 109, 150]}, {""query_id"": 39, ""query"": ""how to add a remark"", ""category"": ""rebooking"", ""top_ids"": [125, 163, 133, 153, 162]}, {""query_id"": 41, ""query"": ""how to add osi & ssr"", ""category"": ""pnr"", ""top_ids"": [163, 48, 214, 7, 173]}, {""query_id"": 42, ""query"": ""how to add passport information and frequent flyer"", ""category"": ""passport_dob"", ""top_ids"": [163, 48, 214, 125, 23]}, {""query_id"": 51, ""query"": ""what are the main payment systems (psp) that arn currently uses"", ""category"": ""general"", ""top_ids"": [81, 126, 154, 6, 172]}, {""query_id"": 140, ""query"": ""how long does it take for a change to be reflected on the mybookings page"", ""category"": ""rebooking"", ""top_ids"": [153, 102, 163, 64, 125]}, {""query_id"": 141, ""query"": ""what are the customer target groups"", ""category"": ""general"", ""top_ids"": [74, 31, 197, 57, 30]}, {""query_id"": 161, ""query"": ""how to handle retail loss approval for tl/managers/coordinators/cr"", ""category"": ""refund"", ""top_ids"": [41, 207, 43, 209, 9]}, {""query_id"": 185, ""query"": ""what is the command used to add the ticketing time limit"", ""category"": ""pnr"", ""top_ids"": [134, 149, 153, 125, 160]}, {""query_id"": 199, ""query"": ""how to check the baggage allowance in the fares priced"", ""category"": ""general"", ""top_ids"": [94, 86, 54, 46, 212]}]",
mod_0003,entity_heuristic_w6,jina_v3,Qdrant,dense_cosine,bge-reranker-base,overlap_relevance,local_offline_fallback,506,214,384,0.140182,1e-06,21.469666,0.79249,0.895257,0.928854,0.968379,0.847936,0.8626,0.71581,0.905138,0.950642,"{""general"": 0.781818, ""passport_dob"": 0.0, ""pnr"": 0.944444, ""rebooking"": 0.937888, ""refund"": 0.97449, ""ticketing"": 0.6875, ""voucher"": 1.0}","[{""query_id"": 1, ""query"": ""customer has multi pnr and received voucher email only for one pnr"", ""category"": ""voucher"", ""top_ids"": [163, 160, 75, 124, 29]}, {""query_id"": 2, ""query"": ""what is the difference between open ticket and voucher"", ""category"": ""voucher"", ""top_ids"": [119, 120, 126, 125, 147]}, {""query_id"": 3, ""query"": ""what is vi order"", ""category"": ""pnr"", ""top_ids"": [27, 193, 88, 60, 25]}, {""query_id"": 4, ""query"": ""how to display an old emd record"", ""category"": ""voucher"", ""top_ids"": [125, 136, 164, 41, 207]}, {""query_id"": 5, ""query"": ""what is sc script - rir message for manual and auto handling in travelport"", ""category"": ""pnr"", ""top_ids"": [132, 10, 176, 160, 40]}]","[{""query_id"": 34, ""query"": ""what are the systems used in flight irregularities"", ""category"": ""general"", ""top_ids"": [81, 86, 94, 109, 150]}, {""query_id"": 39, ""query"": ""how to add a remark"", ""category"": ""rebooking"", ""top_ids"": [125, 163, 133, 153, 162]}, {""query_id"": 41, ""query"": ""how to add osi & ssr"", ""category"": ""pnr"", ""top_ids"": [163, 48, 214, 7, 173]}, {""query_id"": 42, ""query"": ""how to add passport information and frequent flyer"", ""category"": ""passport_dob"", ""top_ids"": [163, 48, 214, 125, 23]}, {""query_id"": 51, ""query"": ""what are the main payment systems (psp) that arn currently uses"", ""category"": ""general"", ""top_ids"": [81, 126, 154, 6, 172]}, {""query_id"": 140, ""query"": ""how long does it take for a change to be reflected on the mybookings page"", ""category"": ""rebooking"", ""top_ids"": [153, 102, 163, 64, 125]}, {""query_id"": 141, ""query"": ""what are the customer target groups"", ""category"": ""general"", ""top_ids"": [74, 31, 197, 57, 30]}, {""query_id"": 161, ""query"": ""how to handle retail loss approval for tl/managers/coordinators/cr"", ""category"": ""refund"", ""top_ids"": [41, 207, 43, 209, 9]}, {""query_id"": 185, ""query"": ""what is the command used to add the ticketing time limit"", ""category"": ""pnr"", ""top_ids"": [134, 149, 153, 125, 160]}, {""query_id"": 199, ""query"": ""how to check the baggage allowance in the fares priced"", ""category"": ""general"", ""top_ids"": [94, 86, 54, 46, 212]}]",
mod_0004,entity_heuristic_w6,jina_v3,PGVector,dense_cosine,Amazon Rerank v1,overlap_relevance,local_offline_fallback,506,214,384,0.140182,1e-06,22.04833,0.784585,0.889328,0.93083,0.968379,0.842419,0.859099,0.710672,0.909042,0.950642,"{""general"": 0.763636, ""passport_dob"": 0.0, ""pnr"": 0.944444, ""rebooking"": 0.950311, ""refund"": 0.97449, ""ticketing"": 0.6875, ""voucher"": 1.0}","[{""query_id"": 1, ""query"": ""customer has multi pnr and received voucher email only for one pnr"", ""category"": ""voucher"", ""top_ids"": [163, 75, 124, 29, 195]}, {""query_id"": 2, ""query"": ""what is the difference between open ticket and voucher"", ""category"": ""voucher"", ""top_ids"": [119, 126, 120, 147, 125]}, {""query_id"": 3, ""query"": ""what is vi order"", ""category"": ""pnr"", ""top_ids"": [27, 193, 88, 60, 25]}, {""query_id"": 4, ""query"": ""how to display an old emd record"", ""category"": ""voucher"", ""top_ids"": [125, 136, 164, 41, 207]}, {""query_id"": 5, ""query"": ""what is sc script - rir message for manual and auto handling in travelport"", ""category"": ""pnr"", ""top_ids"": [120, 132, 10, 176, 160]}]","[{""query_id"": 34, ""query"": ""what are the systems used in flight irregularities"", ""category"": ""general"", ""top_ids"": [94, 81, 109, 150, 86]}, {""query_id"": 39, ""query"": ""how to add a remark"", ""category"": ""rebooking"", ""top_ids"": [125, 163, 133, 153, 162]}, {""query_id"": 41, ""query"": ""how to add osi & ssr"", ""category"": ""pnr"", ""top_ids"": [163, 48, 214, 7, 173]}, {""query_id"": 42, ""query"": ""how to add passport information and frequent flyer"", ""category"": ""passport_dob"", ""top_ids"": [163, 7, 173, 36, 202]}, {""query_id"": 51, ""query"": ""what are the main payment systems (psp) that arn currently uses"", ""category"": ""general"", ""top_ids"": [126, 81, 154, 6, 172]}, {""query_id"": 141, ""query"": ""what are the customer target groups"", ""category"": ""general"", ""top_ids"": [74, 31, 197, 57, 30]}, {""query_id"": 161, ""query"": ""how to handle retail loss approval for tl/managers/coordinators/cr"", ""category"": ""refund"", ""top_ids"": [41, 207, 43, 209, 9]}, {""query_id"": 185, ""query"": ""what is the command used to add the ticketing time limit"", ""category"": ""pnr"", ""top_ids"": [134, 149, 147, 153, 125]}, {""query_id"": 199, ""query"": ""how to check the baggage allowance in the fares priced"", ""category"": ""general"", ""top_ids"": [94, 86, 54, 46, 212]}, {""query_id"": 210, ""query"": ""steps for name correction or name change"", ""category"": ""general"", ""top_ids"": [37, 203, 39, 205, 38]}]",
mod_0005,entity_heuristic_w6,jina_v3,PGVector,dense_cosine,Qwen3:4B Rerank,overlap_relevance,local_offline_fallback,506,214,384,0.140182,1e-06,21.478863,0.79249,0.895257,0.928854,0.968379,0.847936,0.862664,0.71581,0.905138,0.950642,"{""general"": 0.781818, ""passport_dob"": 0.0, ""pnr"": 0.944444, ""rebooking"": 0.937888, ""refund"": 0.97449, ""ticketing"": 0.6875, ""voucher"": 1.0}","[{""query_id"": 1, ""query"": ""customer has multi pnr and received voucher email only for one pnr"", ""category"": ""voucher"", ""top_ids"": [163, 160, 75, 124, 29]}, {""query_id"": 2, ""query"": ""what is the difference between open ticket and voucher"", ""category"": ""voucher"", ""top_ids"": [119, 120, 126, 125, 147]}, {""query_id"": 3, ""query"": ""what is vi order"", ""category"": ""pnr"", ""top_ids"": [27, 193, 88, 60, 25]}, {""query_id"": 4, ""query"": ""how to display an old emd record"", ""category"": ""voucher"", ""top_ids"": [125, 136, 164, 41, 207]}, {""query_id"": 5, ""query"": ""what is sc script - rir message for manual and auto handling in travelport"", ""category"": ""pnr"", ""top_ids"": [132, 10, 176, 120, 160]}]","[{""query_id"": 34, ""query"": ""what are the systems used in flight irregularities"", ""category"": ""general"", ""top_ids"": [81, 86, 94, 109, 150]}, {""query_id"": 39, ""query"": ""how to add a remark"", ""category"": ""rebooking"", ""top_ids"": [125, 163, 133, 153, 162]}, {""query_id"": 41, ""query"": ""how to add osi & ssr"", ""category"": ""pnr"", ""top_ids"": [163, 48, 214, 7, 173]}, {""query_id"": 42, ""query"": ""how to add passport information and frequent flyer"", ""category"": ""passport_dob"", ""top_ids"": [163, 48, 214, 125, 23]}, {""query_id"": 51, ""query"": ""what are the main payment systems (psp) that arn currently uses"", ""category"": ""general"", ""top_ids"": [81, 126, 154, 6, 172]}, {""query_id"": 140, ""query"": ""how long does it take for a change to be reflected on the mybookings page"", ""category"": ""rebooking"", ""top_ids"": [153, 102, 163, 64, 125]}, {""query_id"": 141, ""query"": ""what are the customer target groups"", ""category"": ""general"", ""top_ids"": [74, 31, 197, 57, 30]}, {""query_id"": 161, ""query"": ""how to handle retail loss approval for tl/managers/coordinators/cr"", ""category"": ""refund"", ""top_ids"": [41, 207, 43, 209, 9]}, {""query_id"": 185, ""query"": ""what is the command used to add the ticketing time limit"", ""category"": ""pnr"", ""top_ids"": [134, 149, 153, 125, 160]}, {""query_id"": 199, ""query"": ""how to check the baggage allowance in the fares priced"", ""category"": ""general"", ""top_ids"": [94, 86, 54, 46, 212]}]",
mod_0006,entity_heuristic_w6,jina_v3,PGVector,dense_cosine,bge-reranker-base,overlap_relevance,local_offline_fallback,506,214,384,0.140182,1e-06,21.254184,0.79249,0.895257,0.928854,0.968379,0.847936,0.8626,0.71581,0.905138,0.950642,"{""general"": 0.781818, ""passport_dob"": 0.0, ""pnr"": 0.944444, ""rebooking"": 0.937888, ""refund"": 0.97449, ""ticketing"": 0.6875, ""voucher"": 1.0}","[{""query_id"": 1, ""query"": ""customer has multi pnr and received voucher email only for one pnr"", ""category"": ""voucher"", ""top_ids"": [163, 160, 75, 124, 29]}, {""query_id"": 2, ""query"": ""what is the difference between open ticket and voucher"", ""category"": ""voucher"", ""top_ids"": [119, 120, 126, 125, 147]}, {""query_id"": 3, ""query"": ""what is vi order"", ""category"": ""pnr"", ""top_ids"": [27, 193, 88, 60, 25]}, {""query_id"": 4, ""query"": ""how to display an old emd record"", ""category"": ""voucher"", ""top_ids"": [125, 136, 164, 41, 207]}, {""query_id"": 5, ""query"": ""what is sc script - rir message for manual and auto handling in travelport"", ""category"": ""pnr"", ""top_ids"": [132, 10, 176, 160, 40]}]","[{""query_id"": 34, ""query"": ""what are the systems used in flight irregularities"", ""category"": ""general"", ""top_ids"": [81, 86, 94, 109, 150]}, {""query_id"": 39, ""query"": ""how to add a remark"", ""category"": ""rebooking"", ""top_ids"": [125, 163, 133, 153, 162]}, {""query_id"": 41, ""query"": ""how to add osi & ssr"", ""category"": ""pnr"", ""top_ids"": [163, 48, 214, 7, 173]}, {""query_id"": 42, ""query"": ""how to add passport information and frequent flyer"", ""category"": ""passport_dob"", ""top_ids"": [163, 48, 214, 125, 23]}, {""query_id"": 51, ""query"": ""what are the main payment systems (psp) that arn currently uses"", ""category"": ""general"", ""top_ids"": [81, 126, 154, 6, 172]}, {""query_id"": 140, ""query"": ""how long does it take for a change to be reflected on the mybookings page"", ""category"": ""rebooking"", ""top_ids"": [153, 102, 163, 64, 125]}, {""query_id"": 141, ""query"": ""what are the customer target groups"", ""category"": ""general"", ""top_ids"": [74, 31, 197, 57, 30]}, {""query_id"": 161, ""query"": ""how to handle retail loss approval for tl/managers/coordinators/cr"", ""category"": ""refund"", ""top_ids"": [41, 207, 43, 209, 9]}, {""query_id"": 185, ""query"": ""what is the command used to add the ticketing time limit"", ""category"": ""pnr"", ""top_ids"": [134, 149, 153, 125, 160]}, {""query_id"": 199, ""query"": ""how to check the baggage allowance in the fares priced"", ""category"": ""general"", ""top_ids"": [94, 86, 54, 46, 212]}]",
mod_0007,entity_heuristic_w6,jina_v3,Weaviate,dense_cosine,Amazon Rerank v1,overlap_relevance,local_offline_fallback,506,214,384,0.140182,1e-06,21.201161,0.784585,0.889328,0.93083,0.968379,0.842419,0.859099,0.710672,0.909042,0.950642,"{""general"": 0.763636, ""passport_dob"": 0.0, ""pnr"": 0.944444, ""rebooking"": 0.950311, ""refund"": 0.97449, ""ticketing"": 0.6875, ""voucher"": 1.0}","[{""query_id"": 1, ""query"": ""customer has multi pnr and received voucher email only for one pnr"", ""category"": ""voucher"", ""top_ids"": [163, 75, 124, 29, 195]}, {""query_id"": 2, ""query"": ""what is the difference between open ticket and voucher"", ""category"": ""voucher"", ""top_ids"": [119, 126, 120, 147, 125]}, {""query_id"": 3, ""query"": ""what is vi order"", ""category"": ""pnr"", ""top_ids"": [27, 193, 88, 60, 25]}, {""query_id"": 4, ""query"": ""how to display an old emd record"", ""category"": ""voucher"", ""top_ids"": [125, 136, 164, 41, 207]}, {""query_id"": 5, ""query"": ""what is sc script - rir message for manual and auto handling in travelport"", ""category"": ""pnr"", ""top_ids"": [120, 132, 10, 176, 160]}]","[{""query_id"": 34, ""query"": ""what are the systems used in flight irregularities"", ""category"": ""general"", ""top_ids"": [94, 81, 109, 150, 86]}, {""query_id"": 39, ""query"": ""how to add a remark"", ""category"": ""rebooking"", ""top_ids"": [125, 163, 133, 153, 162]}, {""query_id"": 41, ""query"": ""how to add osi & ssr"", ""category"": ""pnr"", ""top_ids"": [163, 48, 214, 7, 173]}, {""query_id"": 42, ""query"": ""how to add passport information and frequent flyer"", ""category"": ""passport_dob"", ""top_ids"": [163, 7, 173, 36, 202]}, {""query_id"": 51, ""query"": ""what are the main payment systems (psp) that arn currently uses"", ""category"": ""general"", ""top_ids"": [126, 81, 154, 6, 172]}, {""query_id"": 141, ""query"": ""what are the customer target groups"", ""category"": ""general"", ""top_ids"": [74, 31, 197, 57, 30]}, {""query_id"": 161, ""query"": ""how to handle retail loss approval for tl/managers/coordinators/cr"", ""category"": ""refund"", ""top_ids"": [41, 207, 43, 209, 9]}, {""query_id"": 185, ""query"": ""what is the command used to add the ticketing time limit"", ""category"": ""pnr"", ""top_ids"": [134, 149, 147, 153, 125]}, {""query_id"": 199, ""query"": ""how to check the baggage allowance in the fares priced"", ""category"": ""general"", ""top_ids"": [94, 86, 54, 46, 212]}, {""query_id"": 210, ""query"": ""steps for name correction or name change"", ""category"": ""general"", ""top_ids"": [37, 203, 39, 205, 38]}]",
mod_0008,entity_heuristic_w6,jina_v3,Weaviate,dense_cosine,Qwen3:4B Rerank,overlap_relevance,local_offline_fallback,506,214,384,0.140182,1e-06,21.857569,0.79249,0.895257,0.928854,0.968379,0.847936,0.862664,0.71581,0.905138,0.950642,"{""general"": 0.781818, ""passport_dob"": 0.0, ""pnr"": 0.944444, ""rebooking"": 0.937888, ""refund"": 0.97449, ""ticketing"": 0.6875, ""voucher"": 1.0}","[{""query_id"": 1, ""query"": ""customer has multi pnr and received voucher email only for one pnr"", ""category"": ""voucher"", ""top_ids"": [163, 160, 75, 124, 29]}, {""query_id"": 2, ""query"": ""what is the difference between open ticket and voucher"", ""category"": ""voucher"", ""top_ids"": [119, 120, 126, 125, 147]}, {""query_id"": 3, ""query"": ""what is vi order"", ""category"": ""pnr"", ""top_ids"": [27, 193, 88, 60, 25]}, {""query_id"": 4, ""query"": ""how to display an old emd record"", ""category"": ""voucher"", ""top_ids"": [125, 136, 164, 41, 207]}, {""query_id"": 5, ""query"": ""what is sc script - rir message for manual and auto handling in travelport"", ""category"": ""pnr"", ""top_ids"": [132, 10, 176, 120, 160]}]","[{""query_id"": 34, ""query"": ""what are the systems used in flight irregularities"", ""category"": ""general"", ""top_ids"": [81, 86, 94, 109, 150]}, {""query_id"": 39, ""query"": ""how to add a remark"", ""category"": ""rebooking"", ""top_ids"": [125, 163, 133, 153, 162]}, {""query_id"": 41, ""query"": ""how to add osi & ssr"", ""category"": ""pnr"", ""top_ids"": [163, 48, 214, 7, 173]}, {""query_id"": 42, ""query"": ""how to add passport information and frequent flyer"", ""category"": ""passport_dob"", ""top_ids"": [163, 48, 214, 125, 23]}, {""query_id"": 51, ""query"": ""what are the main payment systems (psp) that arn currently uses"", ""category"": ""general"", ""top_ids"": [81, 126, 154, 6, 172]}, {""query_id"": 140, ""query"": ""how long does it take for a change to be reflected on the mybookings page"", ""category"": ""rebooking"", ""top_ids"": [153, 102, 163, 64, 125]}, {""query_id"": 141, ""query"": ""what are the customer target groups"", ""category"": ""general"", ""top_ids"": [74, 31, 197, 57, 30]}, {""query_id"": 161, ""query"": ""how to handle retail loss approval for tl/managers/coordinators/cr"", ""category"": ""refund"", ""top_ids"": [41, 207, 43, 209, 9]}, {""query_id"": 185, ""query"": ""what is the command used to add the ticketing time limit"", ""category"": ""pnr"", ""top_ids"": [134, 149, 153, 125, 160]}, {""query_id"": 199, ""query"": ""how to check the baggage allowance in the fares priced"", ""category"": ""general"", ""top_ids"": [94, 86, 54, 46, 212]}]",
mod_0009,entity_heuristic_w6,jina_v3,Weaviate,dense_cosine,bge-reranker-base,overlap_relevance,local_offline_fallback,506,214,384,0.140182,1e-06,21.538439,0.79249,0.895257,0.928854,0.968379,0.847936,0.8626,0.71581,0.905138,0.950642,"{""general"": 0.781818, ""passport_dob"": 0.0, ""pnr"": 0.944444, ""rebooking"": 0.937888, ""refund"": 0.97449, ""ticketing"": 0.6875, ""voucher"": 1.0}","[{""query_id"": 1, ""query"": ""customer has multi pnr and received voucher email only for one pnr"", ""category"": ""voucher"", ""top_ids"": [163, 160, 75, 124, 29]}, {""query_id"": 2, ""query"": ""what is the difference between open ticket and voucher"", ""category"": ""voucher"", ""top_ids"": [119, 120, 126, 125, 147]}, {""query_id"": 3, ""query"": ""what is vi order"", ""category"": ""pnr"", ""top_ids"": [27, 193, 88, 60, 25]}, {""query_id"": 4, ""query"": ""how to display an old emd record"", ""category"": ""voucher"", ""top_ids"": [125, 136, 164, 41, 207]}, {""query_id"": 5, ""query"": ""what is sc script - rir message for manual and auto handling in travelport"", ""category"": ""pnr"", ""top_ids"": [132, 10, 176, 160, 40]}]","[{""query_id"": 34, ""query"": ""what are the systems used in flight irregularities"", ""category"": ""general"", ""top_ids"": [81, 86, 94, 109, 150]}, {""query_id"": 39, ""query"": ""how to add a remark"", ""category"": ""rebooking"", ""top_ids"": [125, 163, 133, 153, 162]}, {""query_id"": 41, ""query"": ""how to add osi & ssr"", ""category"": ""pnr"", ""top_ids"": [163, 48, 214, 7, 173]}, {""query_id"": 42, ""query"": ""how to add passport information and frequent flyer"", ""category"": ""passport_dob"", ""top_ids"": [163, 48, 214, 125, 23]}, {""query_id"": 51, ""query"": ""what are the main payment systems (psp) that arn currently uses"", ""category"": ""general"", ""top_ids"": [81, 126, 154, 6, 172]}, {""query_id"": 140, ""query"": ""how long does it take for a change to be reflected on the mybookings page"", ""category"": ""rebooking"", ""top_ids"": [153, 102, 163, 64, 125]}, {""query_id"": 141, ""query"": ""what are the customer target groups"", ""category"": ""general"", ""top_ids"": [74, 31, 197, 57, 30]}, {""query_id"": 161, ""query"": ""how to handle retail loss approval for tl/managers/coordinators/cr"", ""category"": ""refund"", ""top_ids"": [41, 207, 43, 209, 9]}, {""query_id"": 185, ""query"": ""what is the command used to add the ticketing time limit"", ""category"": ""pnr"", ""top_ids"": [134, 149, 153, 125, 160]}, {""query_id"": 199, ""query"": ""how to check the baggage allowance in the fares priced"", ""category"": ""general"", ""top_ids"": [94, 86, 54, 46, 212]}]",
mod_0010,entity_heuristic_w6,gte_multilingual_base,Qdrant,dense_cosine,Amazon Rerank v1,overlap_relevance,local_offline_fallback,506,214,384,0.132955,1e-06,21.245103,0.77668,0.883399,0.932806,0.972332,0.835653,0.858926,0.726087,0.913043,0.956522,"{""general"": 0.854545, ""passport_dob"": 0.0, ""pnr"": 0.962963, ""rebooking"": 0.962733, ""refund"": 0.94898, ""ticketing"": 0.625, ""voucher"": 0.956522}","[{""query_id"": 1, ""query"": ""customer has multi pnr and received voucher email only for one pnr"", ""category"": ""voucher"", ""top_ids"": [29, 195, 124, 75, 163]}, {""query_id"": 2, ""query"": ""what is the difference between open ticket and voucher"", ""category"": ""voucher"", ""top_ids"": [119, 126, 120, 147, 101]}, {""query_id"": 3, ""query"": ""what is vi order"", ""category"": ""pnr"", ""top_ids"": [27, 193, 82, 2, 168]}, {""query_id"": 4, ""query"": ""how to display an old emd record"", ""category"": ""voucher"", ""top_ids"": [125, 41, 207, 131, 102]}, {""query_id"": 5, ""query"": ""what is sc script - rir message for manual and auto handling in travelport"", ""category"": ""pnr"", ""top_ids"": [132, 120, 158, 160, 10]}]","[{""query_id"": 17, ""query"": ""how many 2nd line support teams are there"", ""category"": ""refund"", ""top_ids"": [159, 70, 40, 206, 71]}, {""query_id"": 34, ""query"": ""what are the systems used in flight irregularities"", ""category"": ""general"", ""top_ids"": [153, 81, 64, 121, 162]}, {""query_id"": 38, ""query"": ""how to add a ghostline"", ""category"": ""pnr"", ""top_ids"": [163, 125, 133, 41, 207]}, {""query_id"": 42, ""query"": ""how to add passport information and frequent flyer"", ""category"": ""passport_dob"", ""top_ids"": [163, 28, 194, 125, 7]}, {""query_id"": 51, ""query"": ""what are the main payment systems (psp) that arn currently uses"", ""category"": ""general"", ""top_ids"": [81, 124, 23, 189, 25]}, {""query_id"": 52, ""query"": ""which errand should be used to retrieve or reset my credentials"", ""category"": ""refund"", ""top_ids"": [99, 36, 202, 135, 121]}, {""query_id"": 140, ""query"": ""how long does it take for a change to be reflected on the mybookings page"", ""category"": ""rebooking"", ""top_ids"": [163, 153, 102, 128, 125]}, {""query_id"": 161, ""query"": ""how to handle retail loss approval for tl/managers/coordinators/cr"", ""category"": ""refund"", ""top_ids"": [43, 209, 41, 207, 45]}, {""query_id"": 194, ""query"": ""how to add seating"", ""category"": ""pnr"", ""top_ids"": [163, 45, 211, 48, 214]}, {""query_id"": 210, ""query"": ""steps for name correction or name change"", ""category"": ""general"", ""top_ids"": [122, 39, 205, 38, 204]}]",
mod_0011,entity_heuristic_w6,gte_multilingual_base,Qdrant,dense_cosine,Qwen3:4B Rerank,overlap_relevance,local_offline_fallback,506,214,384,0.132955,1e-06,21.532896,0.782609,0.889328,0.926877,0.972332,0.840362,0.861662,0.73083,0.907065,0.950642,"{""general"": 0.836364, ""passport_dob"": 0.0, ""pnr"": 0.944444, ""rebooking"": 0.956522, ""refund"": 0.94898, ""ticketing"": 0.625, ""voucher"": 0.956522}","[{""query_id"": 1, ""query"": ""customer has multi pnr and received voucher email only for one pnr"", ""category"": ""voucher"", ""top_ids"": [163, 29, 195, 124, 75]}, {""query_id"": 2, ""query"": ""what is the difference between open ticket and voucher"", ""category"": ""voucher"", ""top_ids"": [119, 120, 126, 147, 101]}, {""query_id"": 3, ""query"": ""what is vi order"", ""category"": ""pnr"", ""top_ids"": [27, 193, 82, 2, 168]}, {""query_id"": 4, ""query"": ""how to display an old emd record"", ""category"": ""voucher"", ""top_ids"": [125, 41, 207, 131, 102]}, {""query_id"": 5, ""query"": ""what is sc script - rir message for manual and auto handling in travelport"", ""category"": ""pnr"", ""top_ids"": [132, 158, 160, 120, 10]}]","[{""query_id"": 17, ""query"": ""how many 2nd line support teams are there"", ""category"": ""refund"", ""top_ids"": [159, 70, 40, 206, 71]}, {""query_id"": 34, ""query"": ""what are the systems used in flight irregularities"", ""category"": ""general"", ""top_ids"": [153, 81, 64, 121, 162]}, {""query_id"": 38, ""query"": ""how to add a ghostline"", ""category"": ""pnr"", ""top_ids"": [163, 125, 133, 41, 207]}, {""query_id"": 42, ""query"": ""how to add passport information and frequent flyer"", ""category"": ""passport_dob"", ""top_ids"": [163, 125, 48, 214, 28]}, {""query_id"": 51, ""query"": ""what are the main payment systems (psp) that arn currently uses"", ""category"": ""general"", ""top_ids"": [81, 124, 23, 189, 25]}, {""query_id"": 52, ""query"": ""which errand should be used to retrieve or reset my credentials"", ""category"": ""refund"", ""top_ids"": [99, 121, 36, 202, 153]}, {""query_id"": 140, ""query"": ""how long does it take for a change to be reflected on the mybookings page"", ""category"": ""rebooking"", ""top_ids"": [163, 153, 102, 128, 125]}, {""query_id"": 161, ""query"": ""how to handle retail loss approval for tl/managers/coordinators/cr"", ""category"": ""refund"", ""top_ids"": [41, 207, 43, 209, 45]}, {""query_id"": 185, ""query"": ""what is the command used to add the ticketing time limit"", ""category"": ""pnr"", ""top_ids"": [153, 149, 125, 165, 147]}, {""query_id"": 194, ""query"": ""how to add seating"", ""category"": ""pnr"", ""top_ids"": [163, 45, 211, 48, 214]}]",
mod_0012,entity_heuristic_w6,gte_multilingual_base,Qdrant,dense_cosine,bge-reranker-base,overlap_relevance,local_offline_fallback,506,214,384,0.132955,1e-06,21.236064,0.784585,0.891304,0.928854,0.972332,0.842714,0.862408,0.732806,0.909091,0.952569,"{""general"": 0.854545, ""passport_dob"": 0.0, ""pnr"": 0.944444, ""rebooking"": 0.956522, ""refund"": 0.94898, ""ticketing"": 0.625, ""voucher"": 0.956522}","[{""query_id"": 1, ""query"": ""customer has multi pnr and received voucher email only for one pnr"", ""category"": ""voucher"", ""top_ids"": [163, 29, 195, 124, 75]}, {""query_id"": 2, ""query"": ""what is the difference between open ticket and voucher"", ""category"": ""voucher"", ""top_ids"": [119, 120, 126, 147, 101]}, {""query_id"": 3, ""query"": ""what is vi order"", ""category"": ""pnr"", ""top_ids"": [27, 193, 82, 2, 168]}, {""query_id"": 4, ""query"": ""how to display an old emd record"", ""category"": ""voucher"", ""top_ids"": [125, 41, 207, 131, 102]}, {""query_id"": 5, ""query"": ""what is sc script - rir message for manual and auto handling in travelport"", ""category"": ""pnr"", ""top_ids"": [132, 158, 160, 10, 176]}]","[{""query_id"": 17, ""query"": ""how many 2nd line support teams are there"", ""category"": ""refund"", ""top_ids"": [159, 70, 40, 206, 71]}, {""query_id"": 34, ""query"": ""what are the systems used in flight irregularities"", ""category"": ""general"", ""top_ids"": [153, 81, 64, 121, 162]}, {""query_id"": 38, ""query"": ""how to add a ghostline"", ""category"": ""pnr"", ""top_ids"": [163, 125, 133, 41, 207]}, {""query_id"": 42, ""query"": ""how to add passport information and frequent flyer"", ""category"": ""passport_dob"", ""top_ids"": [163, 125, 48, 214, 46]}, {""query_id"": 51, ""query"": ""what are the main payment systems (psp) that arn currently uses"", ""category"": ""general"", ""top_ids"": [81, 124, 23, 189, 25]}, {""query_id"": 52, ""query"": ""which errand should be used to retrieve or reset my credentials"", ""category"": ""refund"", ""top_ids"": [99, 121, 153, 36, 202]}, {""query_id"": 140, ""query"": ""how long does it take for a change to be reflected on the mybookings page"", ""category"": ""rebooking"", ""top_ids"": [163, 153, 102, 128, 125]}, {""query_id"": 161, ""query"": ""how to handle retail loss approval for tl/managers/coordinators/cr"", ""category"": ""refund"", ""top_ids"": [41, 207, 43, 209, 45]}, {""query_id"": 185, ""query"": ""what is the command used to add the ticketing time limit"", ""category"": ""pnr"", ""top_ids"": [153, 149, 125, 165, 147]}, {""query_id"": 194, ""query"": ""how to add seating"", ""category"": ""pnr"", ""top_ids"": [163, 45, 211, 48, 214]}]",
mod_0013,entity_heuristic_w6,gte_multilingual_base,PGVector,dense_cosine,Amazon Rerank v1,overlap_relevance,local_offline_fallback,506,214,384,0.132955,1e-06,21.255488,0.77668,0.883399,0.932806,0.972332,0.835653,0.858926,0.726087,0.913043,0.956522,"{""general"": 0.854545, ""passport_dob"": 0.0, ""pnr"": 0.962963, ""rebooking"": 0.962733, ""refund"": 0.94898, ""ticketing"": 0.625, ""voucher"": 0.956522}","[{""query_id"": 1, ""query"": ""customer has multi pnr and received voucher email only for one pnr"", ""category"": ""voucher"", ""top_ids"": [29, 195, 124, 75, 163]}, {""query_id"": 2, ""query"": ""what is the difference between open ticket and voucher"", ""category"": ""voucher"", ""top_ids"": [119, 126, 120, 147, 101]}, {""query_id"": 3, ""query"": ""what is vi order"", ""category"": ""pnr"", ""top_ids"": [27, 193, 82, 2, 168]}, {""query_id"": 4, ""query"": ""how to display an old emd record"", ""category"": ""voucher"", ""top_ids"": [125, 41, 207, 131, 102]}, {""query_id"": 5, ""query"": ""what is sc script - rir message for manual and auto handling in travelport"", ""category"": ""pnr"", ""top_ids"": [132, 120, 158, 160, 10]}]","[{""query_id"": 17, ""query"": ""how many 2nd line support teams are there"", ""category"": ""refund"", ""top_ids"": [159, 70, 40, 206, 71]}, {""query_id"": 34, ""query"": ""what are the systems used in flight irregularities"", ""category"": ""general"", ""top_ids"": [153, 81, 64, 121, 162]}, {""query_id"": 38, ""query"": ""how to add a ghostline"", ""category"": ""pnr"", ""top_ids"": [163, 125, 133, 41, 207]}, {""query_id"": 42, ""query"": ""how to add passport information and frequent flyer"", ""category"": ""passport_dob"", ""top_ids"": [163, 28, 194, 125, 7]}, {""query_id"": 51, ""query"": ""what are the main payment systems (psp) that arn currently uses"", ""category"": ""general"", ""top_ids"": [81, 124, 23, 189, 25]}, {""query_id"": 52, ""query"": ""which errand should be used to retrieve or reset my credentials"", ""category"": ""refund"", ""top_ids"": [99, 36, 202, 135, 121]}, {""query_id"": 140, ""query"": ""how long does it take for a change to be reflected on the mybookings page"", ""category"": ""rebooking"", ""top_ids"": [163, 153, 102, 128, 125]}, {""query_id"": 161, ""query"": ""how to handle retail loss approval for tl/managers/coordinators/cr"", ""category"": ""refund"", ""top_ids"": [43, 209, 41, 207, 45]}, {""query_id"": 194, ""query"": ""how to add seating"", ""category"": ""pnr"", ""top_ids"": [163, 45, 211, 48, 214]}, {""query_id"": 210, ""query"": ""steps for name correction or name change"", ""category"": ""general"", ""top_ids"": [122, 39, 205, 38, 204]}]",
mod_0014,entity_heuristic_w6,gte_multilingual_base,PGVector,dense_cosine,Qwen3:4B Rerank,overlap_relevance,local_offline_fallback,506,214,384,0.132955,1e-06,21.351692,0.782609,0.889328,0.926877,0.972332,0.840362,0.861662,0.73083,0.907065,0.950642,"{""general"": 0.836364, ""passport_dob"": 0.0, ""pnr"": 0.944444, ""rebooking"": 0.956522, ""refund"": 0.94898, ""ticketing"": 0.625, ""voucher"": 0.956522}","[{""query_id"": 1, ""query"": ""customer has multi pnr and received voucher email only for one pnr"", ""category"": ""voucher"", ""top_ids"": [163, 29, 195, 124, 75]}, {""query_id"": 2, ""query"": ""what is the difference between open ticket and voucher"", ""category"": ""voucher"", ""top_ids"": [119, 120, 126, 147, 101]}, {""query_id"": 3, ""query"": ""what is vi order"", ""category"": ""pnr"", ""top_ids"": [27, 193, 82, 2, 168]}, {""query_id"": 4, ""query"": ""how to display an old emd record"", ""category"": ""voucher"", ""top_ids"": [125, 41, 207, 131, 102]}, {""query_id"": 5, ""query"": ""what is sc script - rir message for manual and auto handling in travelport"", ""category"": ""pnr"", ""top_ids"": [132, 158, 160, 120, 10]}]","[{""query_id"": 17, ""query"": ""how many 2nd line support teams are there"", ""category"": ""refund"", ""top_ids"": [159, 70, 40, 206, 71]}, {""query_id"": 34, ""query"": ""what are the systems used in flight irregularities"", ""category"": ""general"", ""top_ids"": [153, 81, 64, 121, 162]}, {""query_id"": 38, ""query"": ""how to add a ghostline"", ""category"": ""pnr"", ""top_ids"": [163, 125, 133, 41, 207]}, {""query_id"": 42, ""query"": ""how to add passport information and frequent flyer"", ""category"": ""passport_dob"", ""top_ids"": [163, 125, 48, 214, 28]}, {""query_id"": 51, ""query"": ""what are the main payment systems (psp) that arn currently uses"", ""category"": ""general"", ""top_ids"": [81, 124, 23, 189, 25]}, {""query_id"": 52, ""query"": ""which errand should be used to retrieve or reset my credentials"", ""category"": ""refund"", ""top_ids"": [99, 121, 36, 202, 153]}, {""query_id"": 140, ""query"": ""how long does it take for a change to be reflected on the mybookings page"", ""category"": ""rebooking"", ""top_ids"": [163, 153, 102, 128, 125]}, {""query_id"": 161, ""query"": ""how to handle retail loss approval for tl/managers/coordinators/cr"", ""category"": ""refund"", ""top_ids"": [41, 207, 43, 209, 45]}, {""query_id"": 185, ""query"": ""what is the command used to add the ticketing time limit"", ""category"": ""pnr"", ""top_ids"": [153, 149, 125, 165, 147]}, {""query_id"": 194, ""query"": ""how to add seating"", ""category"": ""pnr"", ""top_ids"": [163, 45, 211, 48, 214]}]",
mod_0015,entity_heuristic_w6,gte_multilingual_base,PGVector,dense_cosine,bge-reranker-base,overlap_relevance,local_offline_fallback,506,214,384,0.132955,1e-06,21.860808,0.784585,0.891304,0.928854,0.972332,0.842714,0.862408,0.732806,0.909091,0.952569,"{""general"": 0.854545, ""passport_dob"": 0.0, ""pnr"": 0.944444, ""rebooking"": 0.956522, ""refund"": 0.94898, ""ticketing"": 0.625, ""voucher"": 0.956522}","[{""query_id"": 1, ""query"": ""customer has multi pnr and received voucher email only for one pnr"", ""category"": ""voucher"", ""top_ids"": [163, 29, 195, 124, 75]}, {""query_id"": 2, ""query"": ""what is the difference between open ticket and voucher"", ""category"": ""voucher"", ""top_ids"": [119, 120, 126, 147, 101]}, {""query_id"": 3, ""query"": ""what is vi order"", ""category"": ""pnr"", ""top_ids"": [27, 193, 82, 2, 168]}, {""query_id"": 4, ""query"": ""how to display an old emd record"", ""category"": ""voucher"", ""top_ids"": [125, 41, 207, 131, 102]}, {""query_id"": 5, ""query"": ""what is sc script - rir message for manual and auto handling in travelport"", ""category"": ""pnr"", ""top_ids"": [132, 158, 160, 10, 176]}]","[{""query_id"": 17, ""query"": ""how many 2nd line support teams are there"", ""category"": ""refund"", ""top_ids"": [159, 70, 40, 206, 71]}, {""query_id"": 34, ""query"": ""what are the systems used in flight irregularities"", ""category"": ""general"", ""top_ids"": [153, 81, 64, 121, 162]}, {""query_id"": 38, ""query"": ""how to add a ghostline"", ""category"": ""pnr"", ""top_ids"": [163, 125, 133, 41, 207]}, {""query_id"": 42, ""query"": ""how to add passport information and frequent flyer"", ""category"": ""passport_dob"", ""top_ids"": [163, 125, 48, 214, 46]}, {""query_id"": 51, ""query"": ""what are the main payment systems (psp) that arn currently uses"", ""category"": ""general"", ""top_ids"": [81, 124, 23, 189, 25]}, {""query_id"": 52, ""query"": ""which errand should be used to retrieve or reset my credentials"", ""category"": ""refund"", ""top_ids"": [99, 121, 153, 36, 202]}, {""query_id"": 140, ""query"": ""how long does it take for a change to be reflected on the mybookings page"", ""category"": ""rebooking"", ""top_ids"": [163, 153, 102, 128, 125]}, {""query_id"": 161, ""query"": ""how to handle retail loss approval for tl/managers/coordinators/cr"", ""category"": ""refund"", ""top_ids"": [41, 207, 43, 209, 45]}, {""query_id"": 185, ""query"": ""what is the command used to add the ticketing time limit"", ""category"": ""pnr"", ""top_ids"": [153, 149, 125, 165, 147]}, {""query_id"": 194, ""query"": ""how to add seating"", ""category"": ""pnr"", ""top_ids"": [163, 45, 211, 48, 214]}]",
mod_0016,entity_heuristic_w6,gte_multilingual_base,Weaviate,dense_cosine,Amazon Rerank v1,overlap_relevance,local_offline_fallback,506,214,384,0.132955,1e-06,21.747763,0.77668,0.883399,0.932806,0.972332,0.835653,0.858926,0.726087,0.913043,0.956522,"{""general"": 0.854545, ""passport_dob"": 0.0, ""pnr"": 0.962963, ""rebooking"": 0.962733, ""refund"": 0.94898, ""ticketing"": 0.625, ""voucher"": 0.956522}","[{""query_id"": 1, ""query"": ""customer has multi pnr and received voucher email only for one pnr"", ""category"": ""voucher"", ""top_ids"": [29, 195, 124, 75, 163]}, {""query_id"": 2, ""query"": ""what is the difference between open ticket and voucher"", ""category"": ""voucher"", ""top_ids"": [119, 126, 120, 147, 101]}, {""query_id"": 3, ""query"": ""what is vi order"", ""category"": ""pnr"", ""top_ids"": [27, 193, 82, 2, 168]}, {""query_id"": 4, ""query"": ""how to display an old emd record"", ""category"": ""voucher"", ""top_ids"": [125, 41, 207, 131, 102]}, {""query_id"": 5, ""query"": ""what is sc script - rir message for manual and auto handling in travelport"", ""category"": ""pnr"", ""top_ids"": [132, 120, 158, 160, 10]}]","[{""query_id"": 17, ""query"": ""how many 2nd line support teams are there"", ""category"": ""refund"", ""top_ids"": [159, 70, 40, 206, 71]}, {""query_id"": 34, ""query"": ""what are the systems used in flight irregularities"", ""category"": ""general"", ""top_ids"": [153, 81, 64, 121, 162]}, {""query_id"": 38, ""query"": ""how to add a ghostline"", ""category"": ""pnr"", ""top_ids"": [163, 125, 133, 41, 207]}, {""query_id"": 42, ""query"": ""how to add passport information and frequent flyer"", ""category"": ""passport_dob"", ""top_ids"": [163, 28, 194, 125, 7]}, {""query_id"": 51, ""query"": ""what are the main payment systems (psp) that arn currently uses"", ""category"": ""general"", ""top_ids"": [81, 124, 23, 189, 25]}, {""query_id"": 52, ""query"": ""which errand should be used to retrieve or reset my credentials"", ""category"": ""refund"", ""top_ids"": [99, 36, 202, 135, 121]}, {""query_id"": 140, ""query"": ""how long does it take for a change to be reflected on the mybookings page"", ""category"": ""rebooking"", ""top_ids"": [163, 153, 102, 128, 125]}, {""query_id"": 161, ""query"": ""how to handle retail loss approval for tl/managers/coordinators/cr"", ""category"": ""refund"", ""top_ids"": [43, 209, 41, 207, 45]}, {""query_id"": 194, ""query"": ""how to add seating"", ""category"": ""pnr"", ""top_ids"": [163, 45, 211, 48, 214]}, {""query_id"": 210, ""query"": ""steps for name correction or name change"", ""category"": ""general"", ""top_ids"": [122, 39, 205, 38, 204]}]",
mod_0017,entity_heuristic_w6,gte_multilingual_base,Weaviate,dense_cosine,Qwen3:4B Rerank,overlap_relevance,local_offline_fallback,506,214,384,0.132955,1e-06,21.533743,0.782609,0.889328,0.926877,0.972332,0.840362,0.861662,0.73083,0.907065,0.950642,"{""general"": 0.836364, ""passport_dob"": 0.0, ""pnr"": 0.944444, ""rebooking"": 0.956522, ""refund"": 0.94898, ""ticketing"": 0.625, ""voucher"": 0.956522}","[{""query_id"": 1, ""query"": ""customer has multi pnr and received voucher email only for one pnr"", ""category"": ""voucher"", ""top_ids"": [163, 29, 195, 124, 75]}, {""query_id"": 2, ""query"": ""what is the difference between open ticket and voucher"", ""category"": ""voucher"", ""top_ids"": [119, 120, 126, 147, 101]}, {""query_id"": 3, ""query"": ""what is vi order"", ""category"": ""pnr"", ""top_ids"": [27, 193, 82, 2, 168]}, {""query_id"": 4, ""query"": ""how to display an old emd record"", ""category"": ""voucher"", ""top_ids"": [125, 41, 207, 131, 102]}, {""query_id"": 5, ""query"": ""what is sc script - rir message for manual and auto handling in travelport"", ""category"": ""pnr"", ""top_ids"": [132, 158, 160, 120, 10]}]","[{""query_id"": 17, ""query"": ""how many 2nd line support teams are there"", ""category"": ""refund"", ""top_ids"": [159, 70, 40, 206, 71]}, {""query_id"": 34, ""query"": ""what are the systems used in flight irregularities"", ""category"": ""general"", ""top_ids"": [153, 81, 64, 121, 162]}, {""query_id"": 38, ""query"": ""how to add a ghostline"", ""category"": ""pnr"", ""top_ids"": [163, 125, 133, 41, 207]}, {""query_id"": 42, ""query"": ""how to add passport information and frequent flyer"", ""category"": ""passport_dob"", ""top_ids"": [163, 125, 48, 214, 28]}, {""query_id"": 51, ""query"": ""what are the main payment systems (psp) that arn currently uses"", ""category"": ""general"", ""top_ids"": [81, 124, 23, 189, 25]}, {""query_id"": 52, ""query"": ""which errand should be used to retrieve or reset my credentials"", ""category"": ""refund"", ""top_ids"": [99, 121, 36, 202, 153]}, {""query_id"": 140, ""query"": ""how long does it take for a change to be reflected on the mybookings page"", ""category"": ""rebooking"", ""top_ids"": [163, 153, 102, 128, 125]}, {""query_id"": 161, ""query"": ""how to handle retail loss approval for tl/managers/coordinators/cr"", ""category"": ""refund"", ""top_ids"": [41, 207, 43, 209, 45]}, {""query_id"": 185, ""query"": ""what is the command used to add the ticketing time limit"", ""category"": ""pnr"", ""top_ids"": [153, 149, 125, 165, 147]}, {""query_id"": 194, ""query"": ""how to add seating"", ""category"": ""pnr"", ""top_ids"": [163, 45, 211, 48, 214]}]",
mod_0018,entity_heuristic_w6,gte_multilingual_base,Weaviate,dense_cosine,bge-reranker-base,overlap_relevance,local_offline_fallback,506,214,384,0.132955,1e-06,21.440825,0.784585,0.891304,0.928854,0.972332,0.842714,0.862408,0.732806,0.909091,0.952569,"{""general"": 0.854545, ""passport_dob"": 0.0, ""pnr"": 0.944444, ""rebooking"": 0.956522, ""refund"": 0.94898, ""ticketing"": 0.625, ""voucher"": 0.956522}","[{""query_id"": 1, ""query"": ""customer has multi pnr and received voucher email only for one pnr"", ""category"": ""voucher"", ""top_ids"": [163, 29, 195, 124, 75]}, {""query_id"": 2, ""query"": ""what is the difference between open ticket and voucher"", ""category"": ""voucher"", ""top_ids"": [119, 120, 126, 147, 101]}, {""query_id"": 3, ""query"": ""what is vi order"", ""category"": ""pnr"", ""top_ids"": [27, 193, 82, 2, 168]}, {""query_id"": 4, ""query"": ""how to display an old emd record"", ""category"": ""voucher"", ""top_ids"": [125, 41, 207, 131, 102]}, {""query_id"": 5, ""query"": ""what is sc script - rir message for manual and auto handling in travelport"", ""category"": ""pnr"", ""top_ids"": [132, 158, 160, 10, 176]}]","[{""query_id"": 17, ""query"": ""how many 2nd line support teams are there"", ""category"": ""refund"", ""top_ids"": [159, 70, 40, 206, 71]}, {""query_id"": 34, ""query"": ""what are the systems used in flight irregularities"", ""category"": ""general"", ""top_ids"": [153, 81, 64, 121, 162]}, {""query_id"": 38, ""query"": ""how to add a ghostline"", ""category"": ""pnr"", ""top_ids"": [163, 125, 133, 41, 207]}, {""query_id"": 42, ""query"": ""how to add passport information and frequent flyer"", ""category"": ""passport_dob"", ""top_ids"": [163, 125, 48, 214, 46]}, {""query_id"": 51, ""query"": ""what are the main payment systems (psp) that arn currently uses"", ""category"": ""general"", ""top_ids"": [81, 124, 23, 189, 25]}, {""query_id"": 52, ""query"": ""which errand should be used to retrieve or reset my credentials"", ""category"": ""refund"", ""top_ids"": [99, 121, 153, 36, 202]}, {""query_id"": 140, ""query"": ""how long does it take for a change to be reflected on the mybookings page"", ""category"": ""rebooking"", ""top_ids"": [163, 153, 102, 128, 125]}, {""query_id"": 161, ""query"": ""how to handle retail loss approval for tl/managers/coordinators/cr"", ""category"": ""refund"", ""top_ids"": [41, 207, 43, 209, 45]}, {""query_id"": 185, ""query"": ""what is the command used to add the ticketing time limit"", ""category"": ""pnr"", ""top_ids"": [153, 149, 125, 165, 147]}, {""query_id"": 194, ""query"": ""how to add seating"", ""category"": ""pnr"", ""top_ids"": [163, 45, 211, 48, 214]}]",
mod_0019,entity_heuristic_w6,openai_text-embedding-3-large,Qdrant,dense_cosine,Amazon Rerank v1,overlap_relevance,local_offline_fallback,506,214,512,0.151087,1e-06,29.166848,0.79249,0.893281,0.940711,0.978261,0.848848,0.864869,0.718972,0.920949,0.958498,"{""general"": 0.818182, ""passport_dob"": 1.0, ""pnr"": 0.962963, ""rebooking"": 0.962733, ""refund"": 0.959184, ""ticketing"": 0.75, ""voucher"": 1.0}","[{""query_id"": 1, ""query"": ""customer has multi pnr and received voucher email only for one pnr"", ""category"": ""voucher"", ""top_ids"": [29, 195, 124, 75, 159]}, {""query_id"": 2, ""query"": ""what is the difference between open ticket and voucher"", ""category"": ""voucher"", ""top_ids"": [119, 126, 120, 154, 147]}, {""query_id"": 3, ""query"": ""what is vi order"", ""category"": ""pnr"", ""top_ids"": [27, 193, 88, 60, 25]}, {""query_id"": 4, ""query"": ""how to display an old emd record"", ""category"": ""voucher"", ""top_ids"": [125, 41, 207, 131, 163]}, {""query_id"": 5, ""query"": ""what is sc script - rir message for manual and auto handling in travelport"", ""category"": ""pnr"", ""top_ids"": [153, 101, 113, 47, 213]}]","[{""query_id"": 6, ""query"": ""what are different scenarios for sc register errand flow"", ""category"": ""general"", ""top_ids"": [80, 41, 207, 118, 83]}, {""query_id"": 17, ""query"": ""how many 2nd line support teams are there"", ""category"": ""refund"", ""top_ids"": [70, 71, 41, 207, 40]}, {""query_id"": 34, ""query"": ""what are the systems used in flight irregularities"", ""category"": ""general"", ""top_ids"": [153, 89, 72, 81, 86]}, {""query_id"": 38, ""query"": ""how to add a ghostline"", ""category"": ""pnr"", ""top_ids"": [163, 125, 133, 41, 207]}, {""query_id"": 39, ""query"": ""how to add a remark"", ""category"": ""rebooking"", ""top_ids"": [125, 163, 133, 41, 207]}, {""query_id"": 51, ""query"": ""what are the main payment systems (psp) that arn currently uses"", ""category"": ""general"", ""top_ids"": [81, 70, 65, 91, 145]}, {""query_id"": 141, ""query"": ""what are the customer target groups"", ""category"": ""general"", ""top_ids"": [31, 197, 7, 173, 44]}, {""query_id"": 161, ""query"": ""how to handle retail loss approval for tl/managers/coordinators/cr"", ""category"": ""refund"", ""top_ids"": [41, 207, 43, 209, 9]}, {""query_id"": 191, ""query"": ""how to split passenger"", ""category"": ""rebooking"", ""top_ids"": [86, 133, 28, 194, 7]}, {""query_id"": 194, ""query"": ""how to add seating"", ""category"": ""pnr"", ""top_ids"": [45, 211, 163, 48, 214]}]",
mod_0020,entity_heuristic_w6,openai_text-embedding-3-large,Qdrant,dense_cosine,Qwen3:4B Rerank,overlap_relevance,local_offline_fallback,506,214,512,0.151087,1e-06,28.646544,0.794466,0.893281,0.936759,0.978261,0.849504,0.865234,0.72253,0.916996,0.954545,"{""general"": 0.8, ""passport_dob"": 1.0, ""pnr"": 0.962963, ""rebooking"": 0.962733, ""refund"": 0.959184, ""ticketing"": 0.6875, ""voucher"": 1.0}","[{""query_id"": 1, ""query"": ""customer has multi pnr and received voucher email only for one pnr"", ""category"": ""voucher"", ""top_ids"": [29, 195, 124, 75, 159]}, {""query_id"": 2, ""query"": ""what is the difference between open ticket and voucher"", ""category"": ""voucher"", ""top_ids"": [119, 120, 126, 154, 147]}, {""query_id"": 3, ""query"": ""what is vi order"", ""category"": ""pnr"", ""top_ids"": [27, 193, 88, 60, 25]}, {""query_id"": 4, ""query"": ""how to display an old emd record"", ""category"": ""voucher"", ""top_ids"": [125, 41, 207, 131, 163]}, {""query_id"": 5, ""query"": ""what is sc script - rir message for manual and auto handling in travelport"", ""category"": ""pnr"", ""top_ids"": [153, 47, 213, 132, 101]}]","[{""query_id"": 6, ""query"": ""what are different scenarios for sc register errand flow"", ""category"": ""general"", ""top_ids"": [80, 41, 207, 118, 83]}, {""query_id"": 17, ""query"": ""how many 2nd line support teams are there"", ""category"": ""refund"", ""top_ids"": [41, 207, 70, 71, 40]}, {""query_id"": 34, ""query"": ""what are the systems used in flight irregularities"", ""category"": ""general"", ""top_ids"": [153, 89, 72, 81, 86]}, {""query_id"": 38, ""query"": ""how to add a ghostline"", ""category"": ""pnr"", ""top_ids"": [163, 125, 133, 41, 207]}, {""query_id"": 39, ""query"": ""how to add a remark"", ""category"": ""rebooking"", ""top_ids"": [125, 163, 133, 41, 207]}, {""query_id"": 51, ""query"": ""what are the main payment systems (psp) that arn currently uses"", ""category"": ""general"", ""top_ids"": [81, 70, 65, 91, 145]}, {""query_id"": 141, ""query"": ""what are the customer target groups"", ""category"": ""general"", ""top_ids"": [31, 197, 7, 173, 44]}, {""query_id"": 161, ""query"": ""how to handle retail loss approval for tl/managers/coordinators/cr"", ""category"": ""refund"", ""top_ids"": [41, 207, 43, 209, 9]}, {""query_id"": 191, ""query"": ""how to split passenger"", ""category"": ""rebooking"", ""top_ids"": [86, 133, 28, 194, 7]}, {""query_id"": 194, ""query"": ""how to add seating"", ""category"": ""pnr"", ""top_ids"": [45, 211, 163, 48, 214]}]",
mod_0021,entity_heuristic_w6,openai_text-embedding-3-large,Qdrant,dense_cosine,bge-reranker-base,overlap_relevance,local_offline_fallback,506,214,512,0.151087,1e-06,27.96372,0.794466,0.895257,0.936759,0.978261,0.849971,0.865814,0.72253,0.916996,0.954545,"{""general"": 0.8, ""passport_dob"": 1.0, ""pnr"": 0.962963, ""rebooking"": 0.962733, ""refund"": 0.959184, ""ticketing"": 0.6875, ""voucher"": 1.0}","[{""query_id"": 1, ""query"": ""customer has multi pnr and received voucher email only for one pnr"", ""category"": ""voucher"", ""top_ids"": [29, 195, 124, 75, 159]}, {""query_id"": 2, ""query"": ""what is the difference between open ticket and voucher"", ""category"": ""voucher"", ""top_ids"": [119, 120, 126, 154, 147]}, {""query_id"": 3, ""query"": ""what is vi order"", ""category"": ""pnr"", ""top_ids"": [27, 193, 88, 60, 25]}, {""query_id"": 4, ""query"": ""how to display an old emd record"", ""category"": ""voucher"", ""top_ids"": [125, 41, 207, 131, 163]}, {""query_id"": 5, ""query"": ""what is sc script - rir message for manual and auto handling in travelport"", ""category"": ""pnr"", ""top_ids"": [153, 47, 213, 132, 101]}]","[{""query_id"": 6, ""query"": ""what are different scenarios for sc register errand flow"", ""category"": ""general"", ""top_ids"": [80, 41, 207, 118, 83]}, {""query_id"": 17, ""query"": ""how many 2nd line support teams are there"", ""category"": ""refund"", ""top_ids"": [41, 207, 70, 71, 40]}, {""query_id"": 34, ""query"": ""what are the systems used in flight irregularities"", ""category"": ""general"", ""top_ids"": [153, 89, 72, 81, 86]}, {""query_id"": 38, ""query"": ""how to add a ghostline"", ""category"": ""pnr"", ""top_ids"": [163, 125, 133, 41, 207]}, {""query_id"": 39, ""query"": ""how to add a remark"", ""category"": ""rebooking"", ""top_ids"": [125, 163, 133, 41, 207]}, {""query_id"": 51, ""query"": ""what are the main payment systems (psp) that arn currently uses"", ""category"": ""general"", ""top_ids"": [81, 70, 65, 91, 145]}, {""query_id"": 141, ""query"": ""what are the customer target groups"", ""category"": ""general"", ""top_ids"": [31, 197, 7, 173, 44]}, {""query_id"": 161, ""query"": ""how to handle retail loss approval for tl/managers/coordinators/cr"", ""category"": ""refund"", ""top_ids"": [41, 207, 43, 209, 9]}, {""query_id"": 191, ""query"": ""how to split passenger"", ""category"": ""rebooking"", ""top_ids"": [86, 133, 28, 194, 7]}, {""query_id"": 194, ""query"": ""how to add seating"", ""category"": ""pnr"", ""top_ids"": [45, 211, 163, 48, 214]}]",
mod_0022,entity_heuristic_w6,openai_text-embedding-3-large,PGVector,dense_cosine,Amazon Rerank v1,overlap_relevance,local_offline_fallback,506,214,512,0.151087,1e-06,28.393542,0.79249,0.893281,0.940711,0.978261,0.848848,0.864869,0.718972,0.920949,0.958498,"{""general"": 0.818182, ""passport_dob"": 1.0, ""pnr"": 0.962963, ""rebooking"": 0.962733, ""refund"": 0.959184, ""ticketing"": 0.75, ""voucher"": 1.0}","[{""query_id"": 1, ""query"": ""customer has multi pnr and received voucher email only for one pnr"", ""category"": ""voucher"", ""top_ids"": [29, 195, 124, 75, 159]}, {""query_id"": 2, ""query"": ""what is the difference between open ticket and voucher"", ""category"": ""voucher"", ""top_ids"": [119, 126, 120, 154, 147]}, {""query_id"": 3, ""query"": ""what is vi order"", ""category"": ""pnr"", ""top_ids"": [27, 193, 88, 60, 25]}, {""query_id"": 4, ""query"": ""how to display an old emd record"", ""category"": ""voucher"", ""top_ids"": [125, 41, 207, 131, 163]}, {""query_id"": 5, ""query"": ""what is sc script - rir message for manual and auto handling in travelport"", ""category"": ""pnr"", ""top_ids"": [153, 101, 113, 47, 213]}]","[{""query_id"": 6, ""query"": ""what are different scenarios for sc register errand flow"", ""category"": ""general"", ""top_ids"": [80, 41, 207, 118, 83]}, {""query_id"": 17, ""query"": ""how many 2nd line support teams are there"", ""category"": ""refund"", ""top_ids"": [70, 71, 41, 207, 40]}, {""query_id"": 34, ""query"": ""what are the systems used in flight irregularities"", ""category"": ""general"", ""top_ids"": [153, 89, 72, 81, 86]}, {""query_id"": 38, ""query"": ""how to add a ghostline"", ""category"": ""pnr"", ""top_ids"": [163, 125, 133, 41, 207]}, {""query_id"": 39, ""query"": ""how to add a remark"", ""category"": ""rebooking"", ""top_ids"": [125, 163, 133, 41, 207]}, {""query_id"": 51, ""query"": ""what are the main payment systems (psp) that arn currently uses"", ""category"": ""general"", ""top_ids"": [81, 70, 65, 91, 145]}, {""query_id"": 141, ""query"": ""what are the customer target groups"", ""category"": ""general"", ""top_ids"": [31, 197, 7, 173, 44]}, {""query_id"": 161, ""query"": ""how to handle retail loss approval for tl/managers/coordinators/cr"", ""category"": ""refund"", ""top_ids"": [41, 207, 43, 209, 9]}, {""query_id"": 191, ""query"": ""how to split passenger"", ""category"": ""rebooking"", ""top_ids"": [86, 133, 28, 194, 7]}, {""query_id"": 194, ""query"": ""how to add seating"", ""category"": ""pnr"", ""top_ids"": [45, 211, 163, 48, 214]}]",
mod_0023,entity_heuristic_w6,openai_text-embedding-3-large,PGVector,dense_cosine,Qwen3:4B Rerank,overlap_relevance,local_offline_fallback,506,214,512,0.151087,1e-06,29.076048,0.794466,0.893281,0.936759,0.978261,0.849504,0.865234,0.72253,0.916996,0.954545,"{""general"": 0.8, ""passport_dob"": 1.0, ""pnr"": 0.962963, ""rebooking"": 0.962733, ""refund"": 0.959184, ""ticketing"": 0.6875, ""voucher"": 1.0}","[{""query_id"": 1, ""query"": ""customer has multi pnr and received voucher email only for one pnr"", ""category"": ""voucher"", ""top_ids"": [29, 195, 124, 75, 159]}, {""query_id"": 2, ""query"": ""what is the difference between open ticket and voucher"", ""category"": ""voucher"", ""top_ids"": [119, 120, 126, 154, 147]}, {""query_id"": 3, ""query"": ""what is vi order"", ""category"": ""pnr"", ""top_ids"": [27, 193, 88, 60, 25]}, {""query_id"": 4, ""query"": ""how to display an old emd record"", ""category"": ""voucher"", ""top_ids"": [125, 41, 207, 131, 163]}, {""query_id"": 5, ""query"": ""what is sc script - rir message for manual and auto handling in travelport"", ""category"": ""pnr"", ""top_ids"": [153, 47, 213, 132, 101]}]","[{""query_id"": 6, ""query"": ""what are different scenarios for sc register errand flow"", ""category"": ""general"", ""top_ids"": [80, 41, 207, 118, 83]}, {""query_id"": 17, ""query"": ""how many 2nd line support teams are there"", ""category"": ""refund"", ""top_ids"": [41, 207, 70, 71, 40]}, {""query_id"": 34, ""query"": ""what are the systems used in flight irregularities"", ""category"": ""general"", ""top_ids"": [153, 89, 72, 81, 86]}, {""query_id"": 38, ""query"": ""how to add a ghostline"", ""category"": ""pnr"", ""top_ids"": [163, 125, 133, 41, 207]}, {""query_id"": 39, ""query"": ""how to add a remark"", ""category"": ""rebooking"", ""top_ids"": [125, 163, 133, 41, 207]}, {""query_id"": 51, ""query"": ""what are the main payment systems (psp) that arn currently uses"", ""category"": ""general"", ""top_ids"": [81, 70, 65, 91, 145]}, {""query_id"": 141, ""query"": ""what are the customer target groups"", ""category"": ""general"", ""top_ids"": [31, 197, 7, 173, 44]}, {""query_id"": 161, ""query"": ""how to handle retail loss approval for tl/managers/coordinators/cr"", ""category"": ""refund"", ""top_ids"": [41, 207, 43, 209, 9]}, {""query_id"": 191, ""query"": ""how to split passenger"", ""category"": ""rebooking"", ""top_ids"": [86, 133, 28, 194, 7]}, {""query_id"": 194, ""query"": ""how to add seating"", ""category"": ""pnr"", ""top_ids"": [45, 211, 163, 48, 214]}]",
mod_0024,entity_heuristic_w6,openai_text-embedding-3-large,PGVector,dense_cosine,bge-reranker-base,overlap_relevance,local_offline_fallback,506,214,512,0.151087,1e-06,29.213364,0.794466,0.895257,0.936759,0.978261,0.849971,0.865814,0.72253,0.916996,0.954545,"{""general"": 0.8, ""passport_dob"": 1.0, ""pnr"": 0.962963, ""rebooking"": 0.962733, ""refund"": 0.959184, ""ticketing"": 0.6875, ""voucher"": 1.0}","[{""query_id"": 1, ""query"": ""customer has multi pnr and received voucher email only for one pnr"", ""category"": ""voucher"", ""top_ids"": [29, 195, 124, 75, 159]}, {""query_id"": 2, ""query"": ""what is the difference between open ticket and voucher"", ""category"": ""voucher"", ""top_ids"": [119, 120, 126, 154, 147]}, {""query_id"": 3, ""query"": ""what is vi order"", ""category"": ""pnr"", ""top_ids"": [27, 193, 88, 60, 25]}, {""query_id"": 4, ""query"": ""how to display an old emd record"", ""category"": ""voucher"", ""top_ids"": [125, 41, 207, 131, 163]}, {""query_id"": 5, ""query"": ""what is sc script - rir message for manual and auto handling in travelport"", ""category"": ""pnr"", ""top_ids"": [153, 47, 213, 132, 101]}]","[{""query_id"": 6, ""query"": ""what are different scenarios for sc register errand flow"", ""category"": ""general"", ""top_ids"": [80, 41, 207, 118, 83]}, {""query_id"": 17, ""query"": ""how many 2nd line support teams are there"", ""category"": ""refund"", ""top_ids"": [41, 207, 70, 71, 40]}, {""query_id"": 34, ""query"": ""what are the systems used in flight irregularities"", ""category"": ""general"", ""top_ids"": [153, 89, 72, 81, 86]}, {""query_id"": 38, ""query"": ""how to add a ghostline"", ""category"": ""pnr"", ""top_ids"": [163, 125, 133, 41, 207]}, {""query_id"": 39, ""query"": ""how to add a remark"", ""category"": ""rebooking"", ""top_ids"": [125, 163, 133, 41, 207]}, {""query_id"": 51, ""query"": ""what are the main payment systems (psp) that arn currently uses"", ""category"": ""general"", ""top_ids"": [81, 70, 65, 91, 145]}, {""query_id"": 141, ""query"": ""what are the customer target groups"", ""category"": ""general"", ""top_ids"": [31, 197, 7, 173, 44]}, {""query_id"": 161, ""query"": ""how to handle retail loss approval for tl/managers/coordinators/cr"", ""category"": ""refund"", ""top_ids"": [41, 207, 43, 209, 9]}, {""query_id"": 191, ""query"": ""how to split passenger"", ""category"": ""rebooking"", ""top_ids"": [86, 133, 28, 194, 7]}, {""query_id"": 194, ""query"": ""how to add seating"", ""category"": ""pnr"", ""top_ids"": [45, 211, 163, 48, 214]}]",
mod_0025,entity_heuristic_w6,openai_text-embedding-3-large,Weaviate,dense_cosine,Amazon Rerank v1,overlap_relevance,local_offline_fallback,506,214,512,0.151087,1e-06,28.132782,0.79249,0.893281,0.940711,0.978261,0.848848,0.864869,0.718972,0.920949,0.958498,"{""general"": 0.818182, ""passport_dob"": 1.0, ""pnr"": 0.962963, ""rebooking"": 0.962733, ""refund"": 0.959184, ""ticketing"": 0.75, ""voucher"": 1.0}","[{""query_id"": 1, ""query"": ""customer has multi pnr and received voucher email only for one pnr"", ""category"": ""voucher"", ""top_ids"": [29, 195, 124, 75, 159]}, {""query_id"": 2, ""query"": ""what is the difference between open ticket and voucher"", ""category"": ""voucher"", ""top_ids"": [119, 126, 120, 154, 147]}, {""query_id"": 3, ""query"": ""what is vi order"", ""category"": ""pnr"", ""top_ids"": [27, 193, 88, 60, 25]}, {""query_id"": 4, ""query"": ""how to display an old emd record"", ""category"": ""voucher"", ""top_ids"": [125, 41, 207, 131, 163]}, {""query_id"": 5, ""query"": ""what is sc script - rir message for manual and auto handling in travelport"", ""category"": ""pnr"", ""top_ids"": [153, 101, 113, 47, 213]}]","[{""query_id"": 6, ""query"": ""what are different scenarios for sc register errand flow"", ""category"": ""general"", ""top_ids"": [80, 41, 207, 118, 83]}, {""query_id"": 17, ""query"": ""how many 2nd line support teams are there"", ""category"": ""refund"", ""top_ids"": [70, 71, 41, 207, 40]}, {""query_id"": 34, ""query"": ""what are the systems used in flight irregularities"", ""category"": ""general"", ""top_ids"": [153, 89, 72, 81, 86]}, {""query_id"": 38, ""query"": ""how to add a ghostline"", ""category"": ""pnr"", ""top_ids"": [163, 125, 133, 41, 207]}, {""query_id"": 39, ""query"": ""how to add a remark"", ""category"": ""rebooking"", ""top_ids"": [125, 163, 133, 41, 207]}, {""query_id"": 51, ""query"": ""what are the main payment systems (psp) that arn currently uses"", ""category"": ""general"", ""top_ids"": [81, 70, 65, 91, 145]}, {""query_id"": 141, ""query"": ""what are the customer target groups"", ""category"": ""general"", ""top_ids"": [31, 197, 7, 173, 44]}, {""query_id"": 161, ""query"": ""how to handle retail loss approval for tl/managers/coordinators/cr"", ""category"": ""refund"", ""top_ids"": [41, 207, 43, 209, 9]}, {""query_id"": 191, ""query"": ""how to split passenger"", ""category"": ""rebooking"", ""top_ids"": [86, 133, 28, 194, 7]}, {""query_id"": 194, ""query"": ""how to add seating"", ""category"": ""pnr"", ""top_ids"": [45, 211, 163, 48, 214]}]",
mod_0026,entity_heuristic_w6,openai_text-embedding-3-large,Weaviate,dense_cosine,Qwen3:4B Rerank,overlap_relevance,local_offline_fallback,506,214,512,0.151087,1e-06,28.515005,0.794466,0.893281,0.936759,0.978261,0.849504,0.865234,0.72253,0.916996,0.954545,"{""general"": 0.8, ""passport_dob"": 1.0, ""pnr"": 0.962963, ""rebooking"": 0.962733, ""refund"": 0.959184, ""ticketing"": 0.6875, ""voucher"": 1.0}","[{""query_id"": 1, ""query"": ""customer has multi pnr and received voucher email only for one pnr"", ""category"": ""voucher"", ""top_ids"": [29, 195, 124, 75, 159]}, {""query_id"": 2, ""query"": ""what is the difference between open ticket and voucher"", ""category"": ""voucher"", ""top_ids"": [119, 120, 126, 154, 147]}, {""query_id"": 3, ""query"": ""what is vi order"", ""category"": ""pnr"", ""top_ids"": [27, 193, 88, 60, 25]}, {""query_id"": 4, ""query"": ""how to display an old emd record"", ""category"": ""voucher"", ""top_ids"": [125, 41, 207, 131, 163]}, {""query_id"": 5, ""query"": ""what is sc script - rir message for manual and auto handling in travelport"", ""category"": ""pnr"", ""top_ids"": [153, 47, 213, 132, 101]}]","[{""query_id"": 6, ""query"": ""what are different scenarios for sc register errand flow"", ""category"": ""general"", ""top_ids"": [80, 41, 207, 118, 83]}, {""query_id"": 17, ""query"": ""how many 2nd line support teams are there"", ""category"": ""refund"", ""top_ids"": [41, 207, 70, 71, 40]}, {""query_id"": 34, ""query"": ""what are the systems used in flight irregularities"", ""category"": ""general"", ""top_ids"": [153, 89, 72, 81, 86]}, {""query_id"": 38, ""query"": ""how to add a ghostline"", ""category"": ""pnr"", ""top_ids"": [163, 125, 133, 41, 207]}, {""query_id"": 39, ""query"": ""how to add a remark"", ""category"": ""rebooking"", ""top_ids"": [125, 163, 133, 41, 207]}, {""query_id"": 51, ""query"": ""what are the main payment systems (psp) that arn currently uses"", ""category"": ""general"", ""top_ids"": [81, 70, 65, 91, 145]}, {""query_id"": 141, ""query"": ""what are the customer target groups"", ""category"": ""general"", ""top_ids"": [31, 197, 7, 173, 44]}, {""query_id"": 161, ""query"": ""how to handle retail loss approval for tl/managers/coordinators/cr"", ""category"": ""refund"", ""top_ids"": [41, 207, 43, 209, 9]}, {""query_id"": 191, ""query"": ""how to split passenger"", ""category"": ""rebooking"", ""top_ids"": [86, 133, 28, 194, 7]}, {""query_id"": 194, ""query"": ""how to add seating"", ""category"": ""pnr"", ""top_ids"": [45, 211, 163, 48, 214]}]",
mod_0027,entity_heuristic_w6,openai_text-embedding-3-large,Weaviate,dense_cosine,bge-reranker-base,overlap_relevance,local_offline_fallback,506,214,512,0.151087,1e-06,28.435408,0.794466,0.895257,0.936759,0.978261,0.849971,0.865814,0.72253,0.916996,0.954545,"{""general"": 0.8, ""passport_dob"": 1.0, ""pnr"": 0.962963, ""rebooking"": 0.962733, ""refund"": 0.959184, ""ticketing"": 0.6875, ""voucher"": 1.0}","[{""query_id"": 1, ""query"": ""customer has multi pnr and received voucher email only for one pnr"", ""category"": ""voucher"", ""top_ids"": [29, 195, 124, 75, 159]}, {""query_id"": 2, ""query"": ""what is the difference between open ticket and voucher"", ""category"": ""voucher"", ""top_ids"": [119, 120, 126, 154, 147]}, {""query_id"": 3, ""query"": ""what is vi order"", ""category"": ""pnr"", ""top_ids"": [27, 193, 88, 60, 25]}, {""query_id"": 4, ""query"": ""how to display an old emd record"", ""category"": ""voucher"", ""top_ids"": [125, 41, 207, 131, 163]}, {""query_id"": 5, ""query"": ""what is sc script - rir message for manual and auto handling in travelport"", ""category"": ""pnr"", ""top_ids"": [153, 47, 213, 132, 101]}]","[{""query_id"": 6, ""query"": ""what are different scenarios for sc register errand flow"", ""category"": ""general"", ""top_ids"": [80, 41, 207, 118, 83]}, {""query_id"": 17, ""query"": ""how many 2nd line support teams are there"", ""category"": ""refund"", ""top_ids"": [41, 207, 70, 71, 40]}, {""query_id"": 34, ""query"": ""what are the systems used in flight irregularities"", ""category"": ""general"", ""top_ids"": [153, 89, 72, 81, 86]}, {""query_id"": 38, ""query"": ""how to add a ghostline"", ""category"": ""pnr"", ""top_ids"": [163, 125, 133, 41, 207]}, {""query_id"": 39, ""query"": ""how to add a remark"", ""category"": ""rebooking"", ""top_ids"": [125, 163, 133, 41, 207]}, {""query_id"": 51, ""query"": ""what are the main payment systems (psp) that arn currently uses"", ""category"": ""general"", ""top_ids"": [81, 70, 65, 91, 145]}, {""query_id"": 141, ""query"": ""what are the customer target groups"", ""category"": ""general"", ""top_ids"": [31, 197, 7, 173, 44]}, {""query_id"": 161, ""query"": ""how to handle retail loss approval for tl/managers/coordinators/cr"", ""category"": ""refund"", ""top_ids"": [41, 207, 43, 209, 9]}, {""query_id"": 191, ""query"": ""how to split passenger"", ""category"": ""rebooking"", ""top_ids"": [86, 133, 28, 194, 7]}, {""query_id"": 194, ""query"": ""how to add seating"", ""category"": ""pnr"", ""top_ids"": [45, 211, 163, 48, 214]}]",
mod_0028,semantic_split,jina_v3,Qdrant,dense_cosine,Amazon Rerank v1,overlap_relevance,local_offline_fallback,506,122,384,0.09971,1e-06,12.233293,0.780632,0.893281,0.920949,0.950593,0.836976,0.851992,0.724901,0.903162,0.944664,"{""general"": 0.654545, ""passport_dob"": 1.0, ""pnr"": 0.925926, ""rebooking"": 0.975155, ""refund"": 0.964286, ""ticketing"": 0.6875, ""voucher"": 0.956522}","[{""query_id"": 1, ""query"": ""customer has multi pnr and received voucher email only for one pnr"", ""category"": ""voucher"", ""top_ids"": [99, 96, 94, 92, 13]}, {""query_id"": 2, ""query"": ""what is the difference between open ticket and voucher"", ""category"": ""voucher"", ""top_ids"": [68, 82, 50, 51, 75]}, {""query_id"": 3, ""query"": ""what is vi order"", ""category"": ""pnr"", ""top_ids"": [9, 109, 3, 103, 5]}, {""query_id"": 5, ""query"": ""what is sc script - rir message for manual and auto handling in travelport"", ""category"": ""pnr"", ""top_ids"": [18, 118, 75, 68, 69]}, {""query_id"": 6, ""query"": ""what are different scenarios for sc register errand flow"", ""category"": ""general"", ""top_ids"": [15, 115, 17, 117, 18]}]","[{""query_id"": 4, ""query"": ""how to display an old emd record"", ""category"": ""voucher"", ""top_ids"": [94, 93, 61, 15, 115]}, {""query_id"": 17, ""query"": ""how many 2nd line support teams are there"", ""category"": ""refund"", ""top_ids"": [94, 54, 20, 120, 58]}, {""query_id"": 34, ""query"": ""what are the systems used in flight irregularities"", ""category"": ""general"", ""top_ids"": [44, 90, 98, 51, 88]}, {""query_id"": 39, ""query"": ""how to add a remark"", ""category"": ""rebooking"", ""top_ids"": [99, 76, 90, 35, 98]}, {""query_id"": 40, ""query"": ""how to add baggage and other ancillaries"", ""category"": ""pnr"", ""top_ids"": [34, 8, 108, 21, 121]}, {""query_id"": 49, ""query"": ""is an arn request considered as an urgent case"", ""category"": ""general"", ""top_ids"": [94, 61, 51, 93, 14]}, {""query_id"": 51, ""query"": ""what are the main payment systems (psp) that arn currently uses"", ""category"": ""general"", ""top_ids"": [66, 55, 68, 74, 16]}, {""query_id"": 54, ""query"": ""why do we provide arn to a customer"", ""category"": ""refund"", ""top_ids"": [98, 90, 99, 20, 120]}, {""query_id"": 56, ""query"": ""is an arn request considered as an urgent case"", ""category"": ""general"", ""top_ids"": [94, 61, 51, 93, 14]}, {""query_id"": 58, ""query"": ""is an arn request considered as an urgent case"", ""category"": ""general"", ""top_ids"": [94, 61, 51, 93, 14]}]",
mod_0029,semantic_split,jina_v3,Qdrant,dense_cosine,Qwen3:4B Rerank,overlap_relevance,local_offline_fallback,506,122,384,0.09971,1e-06,12.323053,0.784585,0.895257,0.91502,0.950593,0.839451,0.854937,0.730435,0.895257,0.934783,"{""general"": 0.672727, ""passport_dob"": 1.0, ""pnr"": 0.925926, ""rebooking"": 0.968944, ""refund"": 0.964286, ""ticketing"": 0.5625, ""voucher"": 0.913043}","[{""query_id"": 2, ""query"": ""what is the difference between open ticket and voucher"", ""category"": ""voucher"", ""top_ids"": [68, 50, 82, 51, 75]}, {""query_id"": 3, ""query"": ""what is vi order"", ""category"": ""pnr"", ""top_ids"": [9, 109, 3, 103, 5]}, {""query_id"": 5, ""query"": ""what is sc script - rir message for manual and auto handling in travelport"", ""category"": ""pnr"", ""top_ids"": [18, 118, 75, 90, 68]}, {""query_id"": 6, ""query"": ""what are different scenarios for sc register errand flow"", ""category"": ""general"", ""top_ids"": [15, 115, 17, 117, 18]}, {""query_id"": 7, ""query"": ""how to register errand templates for sc scenarios"", ""category"": ""general"", ""top_ids"": [15, 115, 17, 117, 38]}]","[{""query_id"": 1, ""query"": ""customer has multi pnr and received voucher email only for one pnr"", ""category"": ""voucher"", ""top_ids"": [99, 96, 94, 14, 114]}, {""query_id"": 4, ""query"": ""how to display an old emd record"", ""category"": ""voucher"", ""top_ids"": [94, 93, 61, 15, 115]}, {""query_id"": 17, ""query"": ""how many 2nd line support teams are there"", ""category"": ""refund"", ""top_ids"": [94, 54, 20, 120, 58]}, {""query_id"": 34, ""query"": ""what are the systems used in flight irregularities"", ""category"": ""general"", ""top_ids"": [90, 44, 98, 51, 88]}, {""query_id"": 39, ""query"": ""how to add a remark"", ""category"": ""rebooking"", ""top_ids"": [99, 76, 90, 35, 98]}, {""query_id"": 40, ""query"": ""how to add baggage and other ancillaries"", ""category"": ""pnr"", ""top_ids"": [34, 21, 121, 8, 108]}, {""query_id"": 49, ""query"": ""is an arn request considered as an urgent case"", ""category"": ""general"", ""top_ids"": [94, 61, 51, 93, 14]}, {""query_id"": 51, ""query"": ""what are the main payment systems (psp) that arn currently uses"", ""category"": ""general"", ""top_ids"": [66, 55, 68, 74, 16]}, {""query_id"": 54, ""query"": ""why do we provide arn to a customer"", ""category"": ""refund"", ""top_ids"": [98, 90, 99, 20, 120]}, {""query_id"": 56, ""query"": ""is an arn request considered as an urgent case"", ""category"": ""general"", ""top_ids"": [94, 61, 51, 93, 14]}]",
mod_0030,semantic_split,jina_v3,Qdrant,dense_cosine,bge-reranker-base,overlap_relevance,local_offline_fallback,506,122,384,0.09971,1e-06,12.55465,0.784585,0.893281,0.91502,0.950593,0.839643,0.855334,0.730435,0.895257,0.934783,"{""general"": 0.672727, ""passport_dob"": 1.0, ""pnr"": 0.925926, ""rebooking"": 0.968944, ""refund"": 0.964286, ""ticketing"": 0.5625, ""voucher"": 0.913043}","[{""query_id"": 2, ""query"": ""what is the difference between open ticket and voucher"", ""category"": ""voucher"", ""top_ids"": [68, 50, 82, 51, 75]}, {""query_id"": 3, ""query"": ""what is vi order"", ""category"": ""pnr"", ""top_ids"": [9, 109, 3, 103, 5]}, {""query_id"": 5, ""query"": ""what is sc script - rir message for manual and auto handling in travelport"", ""category"": ""pnr"", ""top_ids"": [18, 118, 75, 90, 68]}, {""query_id"": 6, ""query"": ""what are different scenarios for sc register errand flow"", ""category"": ""general"", ""top_ids"": [15, 115, 17, 117, 18]}, {""query_id"": 7, ""query"": ""how to register errand templates for sc scenarios"", ""category"": ""general"", ""top_ids"": [15, 115, 17, 117, 38]}]","[{""query_id"": 1, ""query"": ""customer has multi pnr and received voucher email only for one pnr"", ""category"": ""voucher"", ""top_ids"": [99, 96, 94, 14, 114]}, {""query_id"": 4, ""query"": ""how to display an old emd record"", ""category"": ""voucher"", ""top_ids"": [94, 93, 61, 15, 115]}, {""query_id"": 17, ""query"": ""how many 2nd line support teams are there"", ""category"": ""refund"", ""top_ids"": [94, 54, 20, 120, 58]}, {""query_id"": 34, ""query"": ""what are the systems used in flight irregularities"", ""category"": ""general"", ""top_ids"": [90, 44, 98, 51, 88]}, {""query_id"": 39, ""query"": ""how to add a remark"", ""category"": ""rebooking"", ""top_ids"": [99, 76, 90, 35, 98]}, {""query_id"": 40, ""query"": ""how to add baggage and other ancillaries"", ""category"": ""pnr"", ""top_ids"": [34, 21, 121, 8, 108]}, {""query_id"": 49, ""query"": ""is an arn request considered as an urgent case"", ""category"": ""general"", ""top_ids"": [94, 61, 51, 93, 14]}, {""query_id"": 51, ""query"": ""what are the main payment systems (psp) that arn currently uses"", ""category"": ""general"", ""top_ids"": [66, 55, 68, 74, 16]}, {""query_id"": 54, ""query"": ""why do we provide arn to a customer"", ""category"": ""refund"", ""top_ids"": [98, 90, 99, 20, 120]}, {""query_id"": 56, ""query"": ""is an arn request considered as an urgent case"", ""category"": ""general"", ""top_ids"": [94, 61, 51, 93, 14]}]",
mod_0031,semantic_split,jina_v3,PGVector,dense_cosine,Amazon Rerank v1,overlap_relevance,local_offline_fallback,506,122,384,0.09971,1e-06,12.156211,0.780632,0.893281,0.920949,0.950593,0.836976,0.851992,0.724901,0.903162,0.944664,"{""general"": 0.654545, ""passport_dob"": 1.0, ""pnr"": 0.925926, ""rebooking"": 0.975155, ""refund"": 0.964286, ""ticketing"": 0.6875, ""voucher"": 0.956522}","[{""query_id"": 1, ""query"": ""customer has multi pnr and received voucher email only for one pnr"", ""category"": ""voucher"", ""top_ids"": [99, 96, 94, 92, 13]}, {""query_id"": 2, ""query"": ""what is the difference between open ticket and voucher"", ""category"": ""voucher"", ""top_ids"": [68, 82, 50, 51, 75]}, {""query_id"": 3, ""query"": ""what is vi order"", ""category"": ""pnr"", ""top_ids"": [9, 109, 3, 103, 5]}, {""query_id"": 5, ""query"": ""what is sc script - rir message for manual and auto handling in travelport"", ""category"": ""pnr"", ""top_ids"": [18, 118, 75, 68, 69]}, {""query_id"": 6, ""query"": ""what are different scenarios for sc register errand flow"", ""category"": ""general"", ""top_ids"": [15, 115, 17, 117, 18]}]","[{""query_id"": 4, ""query"": ""how to display an old emd record"", ""category"": ""voucher"", ""top_ids"": [94, 93, 61, 15, 115]}, {""query_id"": 17, ""query"": ""how many 2nd line support teams are there"", ""category"": ""refund"", ""top_ids"": [94, 54, 20, 120, 58]}, {""query_id"": 34, ""query"": ""what are the systems used in flight irregularities"", ""category"": ""general"", ""top_ids"": [44, 90, 98, 51, 88]}, {""query_id"": 39, ""query"": ""how to add a remark"", ""category"": ""rebooking"", ""top_ids"": [99, 76, 90, 35, 98]}, {""query_id"": 40, ""query"": ""how to add baggage and other ancillaries"", ""category"": ""pnr"", ""top_ids"": [34, 8, 108, 21, 121]}, {""query_id"": 49, ""query"": ""is an arn request considered as an urgent case"", ""category"": ""general"", ""top_ids"": [94, 61, 51, 93, 14]}, {""query_id"": 51, ""query"": ""what are the main payment systems (psp) that arn currently uses"", ""category"": ""general"", ""top_ids"": [66, 55, 68, 74, 16]}, {""query_id"": 54, ""query"": ""why do we provide arn to a customer"", ""category"": ""refund"", ""top_ids"": [98, 90, 99, 20, 120]}, {""query_id"": 56, ""query"": ""is an arn request considered as an urgent case"", ""category"": ""general"", ""top_ids"": [94, 61, 51, 93, 14]}, {""query_id"": 58, ""query"": ""is an arn request considered as an urgent case"", ""category"": ""general"", ""top_ids"": [94, 61, 51, 93, 14]}]",
mod_0032,semantic_split,jina_v3,PGVector,dense_cosine,Qwen3:4B Rerank,overlap_relevance,local_offline_fallback,506,122,384,0.09971,1e-06,12.574205,0.784585,0.895257,0.91502,0.950593,0.839451,0.854937,0.730435,0.895257,0.934783,"{""general"": 0.672727, ""passport_dob"": 1.0, ""pnr"": 0.925926, ""rebooking"": 0.968944, ""refund"": 0.964286, ""ticketing"": 0.5625, ""voucher"": 0.913043}","[{""query_id"": 2, ""query"": ""what is the difference between open ticket and voucher"", ""category"": ""voucher"", ""top_ids"": [68, 50, 82, 51, 75]}, {""query_id"": 3, ""query"": ""what is vi order"", ""category"": ""pnr"", ""top_ids"": [9, 109, 3, 103, 5]}, {""query_id"": 5, ""query"": ""what is sc script - rir message for manual and auto handling in travelport"", ""category"": ""pnr"", ""top_ids"": [18, 118, 75, 90, 68]}, {""query_id"": 6, ""query"": ""what are different scenarios for sc register errand flow"", ""category"": ""general"", ""top_ids"": [15, 115, 17, 117, 18]}, {""query_id"": 7, ""query"": ""how to register errand templates for sc scenarios"", ""category"": ""general"", ""top_ids"": [15, 115, 17, 117, 38]}]","[{""query_id"": 1, ""query"": ""customer has multi pnr and received voucher email only for one pnr"", ""category"": ""voucher"", ""top_ids"": [99, 96, 94, 14, 114]}, {""query_id"": 4, ""query"": ""how to display an old emd record"", ""category"": ""voucher"", ""top_ids"": [94, 93, 61, 15, 115]}, {""query_id"": 17, ""query"": ""how many 2nd line support teams are there"", ""category"": ""refund"", ""top_ids"": [94, 54, 20, 120, 58]}, {""query_id"": 34, ""query"": ""what are the systems used in flight irregularities"", ""category"": ""general"", ""top_ids"": [90, 44, 98, 51, 88]}, {""query_id"": 39, ""query"": ""how to add a remark"", ""category"": ""rebooking"", ""top_ids"": [99, 76, 90, 35, 98]}, {""query_id"": 40, ""query"": ""how to add baggage and other ancillaries"", ""category"": ""pnr"", ""top_ids"": [34, 21, 121, 8, 108]}, {""query_id"": 49, ""query"": ""is an arn request considered as an urgent case"", ""category"": ""general"", ""top_ids"": [94, 61, 51, 93, 14]}, {""query_id"": 51, ""query"": ""what are the main payment systems (psp) that arn currently uses"", ""category"": ""general"", ""top_ids"": [66, 55, 68, 74, 16]}, {""query_id"": 54, ""query"": ""why do we provide arn to a customer"", ""category"": ""refund"", ""top_ids"": [98, 90, 99, 20, 120]}, {""query_id"": 56, ""query"": ""is an arn request considered as an urgent case"", ""category"": ""general"", ""top_ids"": [94, 61, 51, 93, 14]}]",
mod_0033,semantic_split,jina_v3,PGVector,dense_cosine,bge-reranker-base,overlap_relevance,local_offline_fallback,506,122,384,0.09971,1e-06,12.390498,0.784585,0.893281,0.91502,0.950593,0.839643,0.855334,0.730435,0.895257,0.934783,"{""general"": 0.672727, ""passport_dob"": 1.0, ""pnr"": 0.925926, ""rebooking"": 0.968944, ""refund"": 0.964286, ""ticketing"": 0.5625, ""voucher"": 0.913043}","[{""query_id"": 2, ""query"": ""what is the difference between open ticket and voucher"", ""category"": ""voucher"", ""top_ids"": [68, 50, 82, 51, 75]}, {""query_id"": 3, ""query"": ""what is vi order"", ""category"": ""pnr"", ""top_ids"": [9, 109, 3, 103, 5]}, {""query_id"": 5, ""query"": ""what is sc script - rir message for manual and auto handling in travelport"", ""category"": ""pnr"", ""top_ids"": [18, 118, 75, 90, 68]}, {""query_id"": 6, ""query"": ""what are different scenarios for sc register errand flow"", ""category"": ""general"", ""top_ids"": [15, 115, 17, 117, 18]}, {""query_id"": 7, ""query"": ""how to register errand templates for sc scenarios"", ""category"": ""general"", ""top_ids"": [15, 115, 17, 117, 38]}]","[{""query_id"": 1, ""query"": ""customer has multi pnr and received voucher email only for one pnr"", ""category"": ""voucher"", ""top_ids"": [99, 96, 94, 14, 114]}, {""query_id"": 4, ""query"": ""how to display an old emd record"", ""category"": ""voucher"", ""top_ids"": [94, 93, 61, 15, 115]}, {""query_id"": 17, ""query"": ""how many 2nd line support teams are there"", ""category"": ""refund"", ""top_ids"": [94, 54, 20, 120, 58]}, {""query_id"": 34, ""query"": ""what are the systems used in flight irregularities"", ""category"": ""general"", ""top_ids"": [90, 44, 98, 51, 88]}, {""query_id"": 39, ""query"": ""how to add a remark"", ""category"": ""rebooking"", ""top_ids"": [99, 76, 90, 35, 98]}, {""query_id"": 40, ""query"": ""how to add baggage and other ancillaries"", ""category"": ""pnr"", ""top_ids"": [34, 21, 121, 8, 108]}, {""query_id"": 49, ""query"": ""is an arn request considered as an urgent case"", ""category"": ""general"", ""top_ids"": [94, 61, 51, 93, 14]}, {""query_id"": 51, ""query"": ""what are the main payment systems (psp) that arn currently uses"", ""category"": ""general"", ""top_ids"": [66, 55, 68, 74, 16]}, {""query_id"": 54, ""query"": ""why do we provide arn to a customer"", ""category"": ""refund"", ""top_ids"": [98, 90, 99, 20, 120]}, {""query_id"": 56, ""query"": ""is an arn request considered as an urgent case"", ""category"": ""general"", ""top_ids"": [94, 61, 51, 93, 14]}]",
mod_0034,semantic_split,jina_v3,Weaviate,dense_cosine,Amazon Rerank v1,overlap_relevance,local_offline_fallback,506,122,384,0.09971,1e-06,12.414263,0.780632,0.893281,0.920949,0.950593,0.836976,0.851992,0.724901,0.903162,0.944664,"{""general"": 0.654545, ""passport_dob"": 1.0, ""pnr"": 0.925926, ""rebooking"": 0.975155, ""refund"": 0.964286, ""ticketing"": 0.6875, ""voucher"": 0.956522}","[{""query_id"": 1, ""query"": ""customer has multi pnr and received voucher email only for one pnr"", ""category"": ""voucher"", ""top_ids"": [99, 96, 94, 92, 13]}, {""query_id"": 2, ""query"": ""what is the difference between open ticket and voucher"", ""category"": ""voucher"", ""top_ids"": [68, 82, 50, 51, 75]}, {""query_id"": 3, ""query"": ""what is vi order"", ""category"": ""pnr"", ""top_ids"": [9, 109, 3, 103, 5]}, {""query_id"": 5, ""query"": ""what is sc script - rir message for manual and auto handling in travelport"", ""category"": ""pnr"", ""top_ids"": [18, 118, 75, 68, 69]}, {""query_id"": 6, ""query"": ""what are different scenarios for sc register errand flow"", ""category"": ""general"", ""top_ids"": [15, 115, 17, 117, 18]}]","[{""query_id"": 4, ""query"": ""how to display an old emd record"", ""category"": ""voucher"", ""top_ids"": [94, 93, 61, 15, 115]}, {""query_id"": 17, ""query"": ""how many 2nd line support teams are there"", ""category"": ""refund"", ""top_ids"": [94, 54, 20, 120, 58]}, {""query_id"": 34, ""query"": ""what are the systems used in flight irregularities"", ""category"": ""general"", ""top_ids"": [44, 90, 98, 51, 88]}, {""query_id"": 39, ""query"": ""how to add a remark"", ""category"": ""rebooking"", ""top_ids"": [99, 76, 90, 35, 98]}, {""query_id"": 40, ""query"": ""how to add baggage and other ancillaries"", ""category"": ""pnr"", ""top_ids"": [34, 8, 108, 21, 121]}, {""query_id"": 49, ""query"": ""is an arn request considered as an urgent case"", ""category"": ""general"", ""top_ids"": [94, 61, 51, 93, 14]}, {""query_id"": 51, ""query"": ""what are the main payment systems (psp) that arn currently uses"", ""category"": ""general"", ""top_ids"": [66, 55, 68, 74, 16]}, {""query_id"": 54, ""query"": ""why do we provide arn to a customer"", ""category"": ""refund"", ""top_ids"": [98, 90, 99, 20, 120]}, {""query_id"": 56, ""query"": ""is an arn request considered as an urgent case"", ""category"": ""general"", ""top_ids"": [94, 61, 51, 93, 14]}, {""query_id"": 58, ""query"": ""is an arn request considered as an urgent case"", ""category"": ""general"", ""top_ids"": [94, 61, 51, 93, 14]}]",
mod_0035,semantic_split,jina_v3,Weaviate,dense_cosine,Qwen3:4B Rerank,overlap_relevance,local_offline_fallback,506,122,384,0.09971,0.0,12.3513,0.784585,0.895257,0.91502,0.950593,0.839451,0.854937,0.730435,0.895257,0.934783,"{""general"": 0.672727, ""passport_dob"": 1.0, ""pnr"": 0.925926, ""rebooking"": 0.968944, ""refund"": 0.964286, ""ticketing"": 0.5625, ""voucher"": 0.913043}","[{""query_id"": 2, ""query"": ""what is the difference between open ticket and voucher"", ""category"": ""voucher"", ""top_ids"": [68, 50, 82, 51, 75]}, {""query_id"": 3, ""query"": ""what is vi order"", ""category"": ""pnr"", ""top_ids"": [9, 109, 3, 103, 5]}, {""query_id"": 5, ""query"": ""what is sc script - rir message for manual and auto handling in travelport"", ""category"": ""pnr"", ""top_ids"": [18, 118, 75, 90, 68]}, {""query_id"": 6, ""query"": ""what are different scenarios for sc register errand flow"", ""category"": ""general"", ""top_ids"": [15, 115, 17, 117, 18]}, {""query_id"": 7, ""query"": ""how to register errand templates for sc scenarios"", ""category"": ""general"", ""top_ids"": [15, 115, 17, 117, 38]}]","[{""query_id"": 1, ""query"": ""customer has multi pnr and received voucher email only for one pnr"", ""category"": ""voucher"", ""top_ids"": [99, 96, 94, 14, 114]}, {""query_id"": 4, ""query"": ""how to display an old emd record"", ""category"": ""voucher"", ""top_ids"": [94, 93, 61, 15, 115]}, {""query_id"": 17, ""query"": ""how many 2nd line support teams are there"", ""category"": ""refund"", ""top_ids"": [94, 54, 20, 120, 58]}, {""query_id"": 34, ""query"": ""what are the systems used in flight irregularities"", ""category"": ""general"", ""top_ids"": [90, 44, 98, 51, 88]}, {""query_id"": 39, ""query"": ""how to add a remark"", ""category"": ""rebooking"", ""top_ids"": [99, 76, 90, 35, 98]}, {""query_id"": 40, ""query"": ""how to add baggage and other ancillaries"", ""category"": ""pnr"", ""top_ids"": [34, 21, 121, 8, 108]}, {""query_id"": 49, ""query"": ""is an arn request considered as an urgent case"", ""category"": ""general"", ""top_ids"": [94, 61, 51, 93, 14]}, {""query_id"": 51, ""query"": ""what are the main payment systems (psp) that arn currently uses"", ""category"": ""general"", ""top_ids"": [66, 55, 68, 74, 16]}, {""query_id"": 54, ""query"": ""why do we provide arn to a customer"", ""category"": ""refund"", ""top_ids"": [98, 90, 99, 20, 120]}, {""query_id"": 56, ""query"": ""is an arn request considered as an urgent case"", ""category"": ""general"", ""top_ids"": [94, 61, 51, 93, 14]}]",
mod_0036,semantic_split,jina_v3,Weaviate,dense_cosine,bge-reranker-base,overlap_relevance,local_offline_fallback,506,122,384,0.09971,1e-06,12.536662,0.784585,0.893281,0.91502,0.950593,0.839643,0.855334,0.730435,0.895257,0.934783,"{""general"": 0.672727, ""passport_dob"": 1.0, ""pnr"": 0.925926, ""rebooking"": 0.968944, ""refund"": 0.964286, ""ticketing"": 0.5625, ""voucher"": 0.913043}","[{""query_id"": 2, ""query"": ""what is the difference between open ticket and voucher"", ""category"": ""voucher"", ""top_ids"": [68, 50, 82, 51, 75]}, {""query_id"": 3, ""query"": ""what is vi order"", ""category"": ""pnr"", ""top_ids"": [9, 109, 3, 103, 5]}, {""query_id"": 5, ""query"": ""what is sc script - rir message for manual and auto handling in travelport"", ""category"": ""pnr"", ""top_ids"": [18, 118, 75, 90, 68]}, {""query_id"": 6, ""query"": ""what are different scenarios for sc register errand flow"", ""category"": ""general"", ""top_ids"": [15, 115, 17, 117, 18]}, {""query_id"": 7, ""query"": ""how to register errand templates for sc scenarios"", ""category"": ""general"", ""top_ids"": [15, 115, 17, 117, 38]}]","[{""query_id"": 1, ""query"": ""customer has multi pnr and received voucher email only for one pnr"", ""category"": ""voucher"", ""top_ids"": [99, 96, 94, 14, 114]}, {""query_id"": 4, ""query"": ""how to display an old emd record"", ""category"": ""voucher"", ""top_ids"": [94, 93, 61, 15, 115]}, {""query_id"": 17, ""query"": ""how many 2nd line support teams are there"", ""category"": ""refund"", ""top_ids"": [94, 54, 20, 120, 58]}, {""query_id"": 34, ""query"": ""what are the systems used in flight irregularities"", ""category"": ""general"", ""top_ids"": [90, 44, 98, 51, 88]}, {""query_id"": 39, ""query"": ""how to add a remark"", ""category"": ""rebooking"", ""top_ids"": [99, 76, 90, 35, 98]}, {""query_id"": 40, ""query"": ""how to add baggage and other ancillaries"", ""category"": ""pnr"", ""top_ids"": [34, 21, 121, 8, 108]}, {""query_id"": 49, ""query"": ""is an arn request considered as an urgent case"", ""category"": ""general"", ""top_ids"": [94, 61, 51, 93, 14]}, {""query_id"": 51, ""query"": ""what are the main payment systems (psp) that arn currently uses"", ""category"": ""general"", ""top_ids"": [66, 55, 68, 74, 16]}, {""query_id"": 54, ""query"": ""why do we provide arn to a customer"", ""category"": ""refund"", ""top_ids"": [98, 90, 99, 20, 120]}, {""query_id"": 56, ""query"": ""is an arn request considered as an urgent case"", ""category"": ""general"", ""top_ids"": [94, 61, 51, 93, 14]}]",
mod_0037,semantic_split,gte_multilingual_base,Qdrant,dense_cosine,Amazon Rerank v1,overlap_relevance,local_offline_fallback,506,122,384,0.111182,1e-06,12.327473,0.782609,0.905138,0.934783,0.968379,0.845366,0.863877,0.734783,0.91502,0.954595,"{""general"": 0.709091, ""passport_dob"": 1.0, ""pnr"": 1.0, ""rebooking"": 0.975155, ""refund"": 0.959184, ""ticketing"": 0.75, ""voucher"": 0.956522}","[{""query_id"": 1, ""query"": ""customer has multi pnr and received voucher email only for one pnr"", ""category"": ""voucher"", ""top_ids"": [99, 13, 113, 14, 114]}, {""query_id"": 2, ""query"": ""what is the difference between open ticket and voucher"", ""category"": ""voucher"", ""top_ids"": [68, 50, 51, 82, 75]}, {""query_id"": 3, ""query"": ""what is vi order"", ""category"": ""pnr"", ""top_ids"": [9, 109, 3, 103, 5]}, {""query_id"": 5, ""query"": ""what is sc script - rir message for manual and auto handling in travelport"", ""category"": ""pnr"", ""top_ids"": [95, 75, 69, 18, 118]}, {""query_id"": 6, ""query"": ""what are different scenarios for sc register errand flow"", ""category"": ""general"", ""top_ids"": [1, 101, 15, 115, 17]}]","[{""query_id"": 4, ""query"": ""how to display an old emd record"", ""category"": ""voucher"", ""top_ids"": [35, 94, 100, 76, 53]}, {""query_id"": 17, ""query"": ""how many 2nd line support teams are there"", ""category"": ""refund"", ""top_ids"": [94, 58, 60, 20, 120]}, {""query_id"": 34, ""query"": ""what are the systems used in flight irregularities"", ""category"": ""general"", ""top_ids"": [90, 98, 64, 88, 44]}, {""query_id"": 49, ""query"": ""is an arn request considered as an urgent case"", ""category"": ""general"", ""top_ids"": [94, 61, 51, 65, 72]}, {""query_id"": 51, ""query"": ""what are the main payment systems (psp) that arn currently uses"", ""category"": ""general"", ""top_ids"": [50, 70, 31, 44, 8]}, {""query_id"": 52, ""query"": ""which errand should be used to retrieve or reset my credentials"", ""category"": ""refund"", ""top_ids"": [12, 112, 78, 90, 15]}, {""query_id"": 54, ""query"": ""why do we provide arn to a customer"", ""category"": ""refund"", ""top_ids"": [35, 20, 120, 82, 90]}, {""query_id"": 56, ""query"": ""is an arn request considered as an urgent case"", ""category"": ""general"", ""top_ids"": [94, 61, 51, 65, 72]}, {""query_id"": 58, ""query"": ""is an arn request considered as an urgent case"", ""category"": ""general"", ""top_ids"": [94, 61, 51, 65, 72]}, {""query_id"": 88, ""query"": ""what is cancellation protection routine for iag portal"", ""category"": ""refund"", ""top_ids"": [40, 68, 95, 47, 11]}]",
mod_0038,semantic_split,gte_multilingual_base,Qdrant,dense_cosine,Qwen3:4B Rerank,overlap_relevance,local_offline_fallback,506,122,384,0.111182,1e-06,12.354228,0.794466,0.911067,0.932806,0.968379,0.851605,0.867824,0.737154,0.913043,0.952569,"{""general"": 0.709091, ""passport_dob"": 1.0, ""pnr"": 1.0, ""rebooking"": 0.968944, ""refund"": 0.959184, ""ticketing"": 0.75, ""voucher"": 0.956522}","[{""query_id"": 1, ""query"": ""customer has multi pnr and received voucher email only for one pnr"", ""category"": ""voucher"", ""top_ids"": [99, 14, 114, 13, 113]}, {""query_id"": 2, ""query"": ""what is the difference between open ticket and voucher"", ""category"": ""voucher"", ""top_ids"": [68, 50, 51, 82, 75]}, {""query_id"": 3, ""query"": ""what is vi order"", ""category"": ""pnr"", ""top_ids"": [9, 109, 3, 103, 5]}, {""query_id"": 5, ""query"": ""what is sc script - rir message for manual and auto handling in travelport"", ""category"": ""pnr"", ""top_ids"": [75, 18, 118, 95, 69]}, {""query_id"": 6, ""query"": ""what are different scenarios for sc register errand flow"", ""category"": ""general"", ""top_ids"": [1, 101, 15, 115, 17]}]","[{""query_id"": 4, ""query"": ""how to display an old emd record"", ""category"": ""voucher"", ""top_ids"": [94, 35, 100, 76, 53]}, {""query_id"": 17, ""query"": ""how many 2nd line support teams are there"", ""category"": ""refund"", ""top_ids"": [94, 58, 60, 20, 120]}, {""query_id"": 34, ""query"": ""what are the systems used in flight irregularities"", ""category"": ""general"", ""top_ids"": [90, 98, 64, 88, 44]}, {""query_id"": 49, ""query"": ""is an arn request considered as an urgent case"", ""category"": ""general"", ""top_ids"": [94, 61, 51, 65, 72]}, {""query_id"": 51, ""query"": ""what are the main payment systems (psp) that arn currently uses"", ""category"": ""general"", ""top_ids"": [50, 70, 31, 44, 8]}, {""query_id"": 52, ""query"": ""which errand should be used to retrieve or reset my credentials"", ""category"": ""refund"", ""top_ids"": [12, 112, 90, 78, 15]}, {""query_id"": 54, ""query"": ""why do we provide arn to a customer"", ""category"": ""refund"", ""top_ids"": [35, 20, 120, 82, 90]}, {""query_id"": 56, ""query"": ""is an arn request considered as an urgent case"", ""category"": ""general"", ""top_ids"": [94, 61, 51, 65, 72]}, {""query_id"": 58, ""query"": ""is an arn request considered as an urgent case"", ""category"": ""general"", ""top_ids"": [94, 61, 51, 65, 72]}, {""query_id"": 88, ""query"": ""what is cancellation protection routine for iag portal"", ""category"": ""refund"", ""top_ids"": [40, 68, 95, 47, 11]}]",
mod_0039,semantic_split,gte_multilingual_base,Qdrant,dense_cosine,bge-reranker-base,overlap_relevance,local_offline_fallback,506,122,384,0.111182,1e-06,12.378142,0.794466,0.909091,0.932806,0.968379,0.851075,0.868206,0.739921,0.913043,0.952569,"{""general"": 0.709091, ""passport_dob"": 1.0, ""pnr"": 1.0, ""rebooking"": 0.968944, ""refund"": 0.959184, ""ticketing"": 0.75, ""voucher"": 0.956522}","[{""query_id"": 1, ""query"": ""customer has multi pnr and received voucher email only for one pnr"", ""category"": ""voucher"", ""top_ids"": [99, 14, 114, 96, 13]}, {""query_id"": 2, ""query"": ""what is the difference between open ticket and voucher"", ""category"": ""voucher"", ""top_ids"": [68, 50, 51, 82, 75]}, {""query_id"": 3, ""query"": ""what is vi order"", ""category"": ""pnr"", ""top_ids"": [9, 109, 3, 103, 5]}, {""query_id"": 5, ""query"": ""what is sc script - rir message for manual and auto handling in travelport"", ""category"": ""pnr"", ""top_ids"": [18, 118, 75, 95, 69]}, {""query_id"": 6, ""query"": ""what are different scenarios for sc register errand flow"", ""category"": ""general"", ""top_ids"": [1, 101, 15, 115, 17]}]","[{""query_id"": 4, ""query"": ""how to display an old emd record"", ""category"": ""voucher"", ""top_ids"": [94, 35, 100, 76, 53]}, {""query_id"": 17, ""query"": ""how many 2nd line support teams are there"", ""category"": ""refund"", ""top_ids"": [94, 58, 60, 20, 120]}, {""query_id"": 34, ""query"": ""what are the systems used in flight irregularities"", ""category"": ""general"", ""top_ids"": [90, 98, 64, 88, 44]}, {""query_id"": 49, ""query"": ""is an arn request considered as an urgent case"", ""category"": ""general"", ""top_ids"": [94, 61, 51, 65, 72]}, {""query_id"": 51, ""query"": ""what are the main payment systems (psp) that arn currently uses"", ""category"": ""general"", ""top_ids"": [50, 70, 31, 44, 8]}, {""query_id"": 52, ""query"": ""which errand should be used to retrieve or reset my credentials"", ""category"": ""refund"", ""top_ids"": [12, 112, 90, 78, 15]}, {""query_id"": 54, ""query"": ""why do we provide arn to a customer"", ""category"": ""refund"", ""top_ids"": [35, 20, 120, 82, 90]}, {""query_id"": 56, ""query"": ""is an arn request considered as an urgent case"", ""category"": ""general"", ""top_ids"": [94, 61, 51, 65, 72]}, {""query_id"": 58, ""query"": ""is an arn request considered as an urgent case"", ""category"": ""general"", ""top_ids"": [94, 61, 51, 65, 72]}, {""query_id"": 88, ""query"": ""what is cancellation protection routine for iag portal"", ""category"": ""refund"", ""top_ids"": [40, 68, 95, 47, 11]}]",
mod_0040,semantic_split,gte_multilingual_base,PGVector,dense_cosine,Amazon Rerank v1,overlap_relevance,local_offline_fallback,506,122,384,0.111182,1e-06,12.298157,0.782609,0.905138,0.934783,0.968379,0.845366,0.863877,0.734783,0.91502,0.954595,"{""general"": 0.709091, ""passport_dob"": 1.0, ""pnr"": 1.0, ""rebooking"": 0.975155, ""refund"": 0.959184, ""ticketing"": 0.75, ""voucher"": 0.956522}","[{""query_id"": 1, ""query"": ""customer has multi pnr and received voucher email only for one pnr"", ""category"": ""voucher"", ""top_ids"": [99, 13, 113, 14, 114]}, {""query_id"": 2, ""query"": ""what is the difference between open ticket and voucher"", ""category"": ""voucher"", ""top_ids"": [68, 50, 51, 82, 75]}, {""query_id"": 3, ""query"": ""what is vi order"", ""category"": ""pnr"", ""top_ids"": [9, 109, 3, 103, 5]}, {""query_id"": 5, ""query"": ""what is sc script - rir message for manual and auto handling in travelport"", ""category"": ""pnr"", ""top_ids"": [95, 75, 69, 18, 118]}, {""query_id"": 6, ""query"": ""what are different scenarios for sc register errand flow"", ""category"": ""general"", ""top_ids"": [1, 101, 15, 115, 17]}]","[{""query_id"": 4, ""query"": ""how to display an old emd record"", ""category"": ""voucher"", ""top_ids"": [35, 94, 100, 76, 53]}, {""query_id"": 17, ""query"": ""how many 2nd line support teams are there"", ""category"": ""refund"", ""top_ids"": [94, 58, 60, 20, 120]}, {""query_id"": 34, ""query"": ""what are the systems used in flight irregularities"", ""category"": ""general"", ""top_ids"": [90, 98, 64, 88, 44]}, {""query_id"": 49, ""query"": ""is an arn request considered as an urgent case"", ""category"": ""general"", ""top_ids"": [94, 61, 51, 65, 72]}, {""query_id"": 51, ""query"": ""what are the main payment systems (psp) that arn currently uses"", ""category"": ""general"", ""top_ids"": [50, 70, 31, 44, 8]}, {""query_id"": 52, ""query"": ""which errand should be used to retrieve or reset my credentials"", ""category"": ""refund"", ""top_ids"": [12, 112, 78, 90, 15]}, {""query_id"": 54, ""query"": ""why do we provide arn to a customer"", ""category"": ""refund"", ""top_ids"": [35, 20, 120, 82, 90]}, {""query_id"": 56, ""query"": ""is an arn request considered as an urgent case"", ""category"": ""general"", ""top_ids"": [94, 61, 51, 65, 72]}, {""query_id"": 58, ""query"": ""is an arn request considered as an urgent case"", ""category"": ""general"", ""top_ids"": [94, 61, 51, 65, 72]}, {""query_id"": 88, ""query"": ""what is cancellation protection routine for iag portal"", ""category"": ""refund"", ""top_ids"": [40, 68, 95, 47, 11]}]",
mod_0041,semantic_split,gte_multilingual_base,PGVector,dense_cosine,Qwen3:4B Rerank,overlap_relevance,local_offline_fallback,506,122,384,0.111182,1e-06,12.19418,0.794466,0.911067,0.932806,0.968379,0.851605,0.867824,0.737154,0.913043,0.952569,"{""general"": 0.709091, ""passport_dob"": 1.0, ""pnr"": 1.0, ""rebooking"": 0.968944, ""refund"": 0.959184, ""ticketing"": 0.75, ""voucher"": 0.956522}","[{""query_id"": 1, ""query"": ""customer has multi pnr and received voucher email only for one pnr"", ""category"": ""voucher"", ""top_ids"": [99, 14, 114, 13, 113]}, {""query_id"": 2, ""query"": ""what is the difference between open ticket and voucher"", ""category"": ""voucher"", ""top_ids"": [68, 50, 51, 82, 75]}, {""query_id"": 3, ""query"": ""what is vi order"", ""category"": ""pnr"", ""top_ids"": [9, 109, 3, 103, 5]}, {""query_id"": 5, ""query"": ""what is sc script - rir message for manual and auto handling in travelport"", ""category"": ""pnr"", ""top_ids"": [75, 18, 118, 95, 69]}, {""query_id"": 6, ""query"": ""what are different scenarios for sc register errand flow"", ""category"": ""general"", ""top_ids"": [1, 101, 15, 115, 17]}]","[{""query_id"": 4, ""query"": ""how to display an old emd record"", ""category"": ""voucher"", ""top_ids"": [94, 35, 100, 76, 53]}, {""query_id"": 17, ""query"": ""how many 2nd line support teams are there"", ""category"": ""refund"", ""top_ids"": [94, 58, 60, 20, 120]}, {""query_id"": 34, ""query"": ""what are the systems used in flight irregularities"", ""category"": ""general"", ""top_ids"": [90, 98, 64, 88, 44]}, {""query_id"": 49, ""query"": ""is an arn request considered as an urgent case"", ""category"": ""general"", ""top_ids"": [94, 61, 51, 65, 72]}, {""query_id"": 51, ""query"": ""what are the main payment systems (psp) that arn currently uses"", ""category"": ""general"", ""top_ids"": [50, 70, 31, 44, 8]}, {""query_id"": 52, ""query"": ""which errand should be used to retrieve or reset my credentials"", ""category"": ""refund"", ""top_ids"": [12, 112, 90, 78, 15]}, {""query_id"": 54, ""query"": ""why do we provide arn to a customer"", ""category"": ""refund"", ""top_ids"": [35, 20, 120, 82, 90]}, {""query_id"": 56, ""query"": ""is an arn request considered as an urgent case"", ""category"": ""general"", ""top_ids"": [94, 61, 51, 65, 72]}, {""query_id"": 58, ""query"": ""is an arn request considered as an urgent case"", ""category"": ""general"", ""top_ids"": [94, 61, 51, 65, 72]}, {""query_id"": 88, ""query"": ""what is cancellation protection routine for iag portal"", ""category"": ""refund"", ""top_ids"": [40, 68, 95, 47, 11]}]",
mod_0042,semantic_split,gte_multilingual_base,PGVector,dense_cosine,bge-reranker-base,overlap_relevance,local_offline_fallback,506,122,384,0.111182,1e-06,12.210172,0.794466,0.909091,0.932806,0.968379,0.851075,0.868206,0.739921,0.913043,0.952569,"{""general"": 0.709091, ""passport_dob"": 1.0, ""pnr"": 1.0, ""rebooking"": 0.968944, ""refund"": 0.959184, ""ticketing"": 0.75, ""voucher"": 0.956522}","[{""query_id"": 1, ""query"": ""customer has multi pnr and received voucher email only for one pnr"", ""category"": ""voucher"", ""top_ids"": [99, 14, 114, 96, 13]}, {""query_id"": 2, ""query"": ""what is the difference between open ticket and voucher"", ""category"": ""voucher"", ""top_ids"": [68, 50, 51, 82, 75]}, {""query_id"": 3, ""query"": ""what is vi order"", ""category"": ""pnr"", ""top_ids"": [9, 109, 3, 103, 5]}, {""query_id"": 5, ""query"": ""what is sc script - rir message for manual and auto handling in travelport"", ""category"": ""pnr"", ""top_ids"": [18, 118, 75, 95, 69]}, {""query_id"": 6, ""query"": ""what are different scenarios for sc register errand flow"", ""category"": ""general"", ""top_ids"": [1, 101, 15, 115, 17]}]","[{""query_id"": 4, ""query"": ""how to display an old emd record"", ""category"": ""voucher"", ""top_ids"": [94, 35, 100, 76, 53]}, {""query_id"": 17, ""query"": ""how many 2nd line support teams are there"", ""category"": ""refund"", ""top_ids"": [94, 58, 60, 20, 120]}, {""query_id"": 34, ""query"": ""what are the systems used in flight irregularities"", ""category"": ""general"", ""top_ids"": [90, 98, 64, 88, 44]}, {""query_id"": 49, ""query"": ""is an arn request considered as an urgent case"", ""category"": ""general"", ""top_ids"": [94, 61, 51, 65, 72]}, {""query_id"": 51, ""query"": ""what are the main payment systems (psp) that arn currently uses"", ""category"": ""general"", ""top_ids"": [50, 70, 31, 44, 8]}, {""query_id"": 52, ""query"": ""which errand should be used to retrieve or reset my credentials"", ""category"": ""refund"", ""top_ids"": [12, 112, 90, 78, 15]}, {""query_id"": 54, ""query"": ""why do we provide arn to a customer"", ""category"": ""refund"", ""top_ids"": [35, 20, 120, 82, 90]}, {""query_id"": 56, ""query"": ""is an arn request considered as an urgent case"", ""category"": ""general"", ""top_ids"": [94, 61, 51, 65, 72]}, {""query_id"": 58, ""query"": ""is an arn request considered as an urgent case"", ""category"": ""general"", ""top_ids"": [94, 61, 51, 65, 72]}, {""query_id"": 88, ""query"": ""what is cancellation protection routine for iag portal"", ""category"": ""refund"", ""top_ids"": [40, 68, 95, 47, 11]}]",
mod_0043,semantic_split,gte_multilingual_base,Weaviate,dense_cosine,Amazon Rerank v1,overlap_relevance,local_offline_fallback,506,122,384,0.111182,1e-06,12.342886,0.782609,0.905138,0.934783,0.968379,0.845366,0.863877,0.734783,0.91502,0.954595,"{""general"": 0.709091, ""passport_dob"": 1.0, ""pnr"": 1.0, ""rebooking"": 0.975155, ""refund"": 0.959184, ""ticketing"": 0.75, ""voucher"": 0.956522}","[{""query_id"": 1, ""query"": ""customer has multi pnr and received voucher email only for one pnr"", ""category"": ""voucher"", ""top_ids"": [99, 13, 113, 14, 114]}, {""query_id"": 2, ""query"": ""what is the difference between open ticket and voucher"", ""category"": ""voucher"", ""top_ids"": [68, 50, 51, 82, 75]}, {""query_id"": 3, ""query"": ""what is vi order"", ""category"": ""pnr"", ""top_ids"": [9, 109, 3, 103, 5]}, {""query_id"": 5, ""query"": ""what is sc script - rir message for manual and auto handling in travelport"", ""category"": ""pnr"", ""top_ids"": [95, 75, 69, 18, 118]}, {""query_id"": 6, ""query"": ""what are different scenarios for sc register errand flow"", ""category"": ""general"", ""top_ids"": [1, 101, 15, 115, 17]}]","[{""query_id"": 4, ""query"": ""how to display an old emd record"", ""category"": ""voucher"", ""top_ids"": [35, 94, 100, 76, 53]}, {""query_id"": 17, ""query"": ""how many 2nd line support teams are there"", ""category"": ""refund"", ""top_ids"": [94, 58, 60, 20, 120]}, {""query_id"": 34, ""query"": ""what are the systems used in flight irregularities"", ""category"": ""general"", ""top_ids"": [90, 98, 64, 88, 44]}, {""query_id"": 49, ""query"": ""is an arn request considered as an urgent case"", ""category"": ""general"", ""top_ids"": [94, 61, 51, 65, 72]}, {""query_id"": 51, ""query"": ""what are the main payment systems (psp) that arn currently uses"", ""category"": ""general"", ""top_ids"": [50, 70, 31, 44, 8]}, {""query_id"": 52, ""query"": ""which errand should be used to retrieve or reset my credentials"", ""category"": ""refund"", ""top_ids"": [12, 112, 78, 90, 15]}, {""query_id"": 54, ""query"": ""why do we provide arn to a customer"", ""category"": ""refund"", ""top_ids"": [35, 20, 120, 82, 90]}, {""query_id"": 56, ""query"": ""is an arn request considered as an urgent case"", ""category"": ""general"", ""top_ids"": [94, 61, 51, 65, 72]}, {""query_id"": 58, ""query"": ""is an arn request considered as an urgent case"", ""category"": ""general"", ""top_ids"": [94, 61, 51, 65, 72]}, {""query_id"": 88, ""query"": ""what is cancellation protection routine for iag portal"", ""category"": ""refund"", ""top_ids"": [40, 68, 95, 47, 11]}]",
mod_0044,semantic_split,gte_multilingual_base,Weaviate,dense_cosine,Qwen3:4B Rerank,overlap_relevance,local_offline_fallback,506,122,384,0.111182,1e-06,12.303758,0.794466,0.911067,0.932806,0.968379,0.851605,0.867824,0.737154,0.913043,0.952569,"{""general"": 0.709091, ""passport_dob"": 1.0, ""pnr"": 1.0, ""rebooking"": 0.968944, ""refund"": 0.959184, ""ticketing"": 0.75, ""voucher"": 0.956522}","[{""query_id"": 1, ""query"": ""customer has multi pnr and received voucher email only for one pnr"", ""category"": ""voucher"", ""top_ids"": [99, 14, 114, 13, 113]}, {""query_id"": 2, ""query"": ""what is the difference between open ticket and voucher"", ""category"": ""voucher"", ""top_ids"": [68, 50, 51, 82, 75]}, {""query_id"": 3, ""query"": ""what is vi order"", ""category"": ""pnr"", ""top_ids"": [9, 109, 3, 103, 5]}, {""query_id"": 5, ""query"": ""what is sc script - rir message for manual and auto handling in travelport"", ""category"": ""pnr"", ""top_ids"": [75, 18, 118, 95, 69]}, {""query_id"": 6, ""query"": ""what are different scenarios for sc register errand flow"", ""category"": ""general"", ""top_ids"": [1, 101, 15, 115, 17]}]","[{""query_id"": 4, ""query"": ""how to display an old emd record"", ""category"": ""voucher"", ""top_ids"": [94, 35, 100, 76, 53]}, {""query_id"": 17, ""query"": ""how many 2nd line support teams are there"", ""category"": ""refund"", ""top_ids"": [94, 58, 60, 20, 120]}, {""query_id"": 34, ""query"": ""what are the systems used in flight irregularities"", ""category"": ""general"", ""top_ids"": [90, 98, 64, 88, 44]}, {""query_id"": 49, ""query"": ""is an arn request considered as an urgent case"", ""category"": ""general"", ""top_ids"": [94, 61, 51, 65, 72]}, {""query_id"": 51, ""query"": ""what are the main payment systems (psp) that arn currently uses"", ""category"": ""general"", ""top_ids"": [50, 70, 31, 44, 8]}, {""query_id"": 52, ""query"": ""which errand should be used to retrieve or reset my credentials"", ""category"": ""refund"", ""top_ids"": [12, 112, 90, 78, 15]}, {""query_id"": 54, ""query"": ""why do we provide arn to a customer"", ""category"": ""refund"", ""top_ids"": [35, 20, 120, 82, 90]}, {""query_id"": 56, ""query"": ""is an arn request considered as an urgent case"", ""category"": ""general"", ""top_ids"": [94, 61, 51, 65, 72]}, {""query_id"": 58, ""query"": ""is an arn request considered as an urgent case"", ""category"": ""general"", ""top_ids"": [94, 61, 51, 65, 72]}, {""query_id"": 88, ""query"": ""what is cancellation protection routine for iag portal"", ""category"": ""refund"", ""top_ids"": [40, 68, 95, 47, 11]}]",
mod_0045,semantic_split,gte_multilingual_base,Weaviate,dense_cosine,bge-reranker-base,overlap_relevance,local_offline_fallback,506,122,384,0.111182,1e-06,12.333969,0.794466,0.909091,0.932806,0.968379,0.851075,0.868206,0.739921,0.913043,0.952569,"{""general"": 0.709091, ""passport_dob"": 1.0, ""pnr"": 1.0, ""rebooking"": 0.968944, ""refund"": 0.959184, ""ticketing"": 0.75, ""voucher"": 0.956522}","[{""query_id"": 1, ""query"": ""customer has multi pnr and received voucher email only for one pnr"", ""category"": ""voucher"", ""top_ids"": [99, 14, 114, 96, 13]}, {""query_id"": 2, ""query"": ""what is the difference between open ticket and voucher"", ""category"": ""voucher"", ""top_ids"": [68, 50, 51, 82, 75]}, {""query_id"": 3, ""query"": ""what is vi order"", ""category"": ""pnr"", ""top_ids"": [9, 109, 3, 103, 5]}, {""query_id"": 5, ""query"": ""what is sc script - rir message for manual and auto handling in travelport"", ""category"": ""pnr"", ""top_ids"": [18, 118, 75, 95, 69]}, {""query_id"": 6, ""query"": ""what are different scenarios for sc register errand flow"", ""category"": ""general"", ""top_ids"": [1, 101, 15, 115, 17]}]","[{""query_id"": 4, ""query"": ""how to display an old emd record"", ""category"": ""voucher"", ""top_ids"": [94, 35, 100, 76, 53]}, {""query_id"": 17, ""query"": ""how many 2nd line support teams are there"", ""category"": ""refund"", ""top_ids"": [94, 58, 60, 20, 120]}, {""query_id"": 34, ""query"": ""what are the systems used in flight irregularities"", ""category"": ""general"", ""top_ids"": [90, 98, 64, 88, 44]}, {""query_id"": 49, ""query"": ""is an arn request considered as an urgent case"", ""category"": ""general"", ""top_ids"": [94, 61, 51, 65, 72]}, {""query_id"": 51, ""query"": ""what are the main payment systems (psp) that arn currently uses"", ""category"": ""general"", ""top_ids"": [50, 70, 31, 44, 8]}, {""query_id"": 52, ""query"": ""which errand should be used to retrieve or reset my credentials"", ""category"": ""refund"", ""top_ids"": [12, 112, 90, 78, 15]}, {""query_id"": 54, ""query"": ""why do we provide arn to a customer"", ""category"": ""refund"", ""top_ids"": [35, 20, 120, 82, 90]}, {""query_id"": 56, ""query"": ""is an arn request considered as an urgent case"", ""category"": ""general"", ""top_ids"": [94, 61, 51, 65, 72]}, {""query_id"": 58, ""query"": ""is an arn request considered as an urgent case"", ""category"": ""general"", ""top_ids"": [94, 61, 51, 65, 72]}, {""query_id"": 88, ""query"": ""what is cancellation protection routine for iag portal"", ""category"": ""refund"", ""top_ids"": [40, 68, 95, 47, 11]}]",
mod_0046,semantic_split,openai_text-embedding-3-large,Qdrant,dense_cosine,Amazon Rerank v1,overlap_relevance,local_offline_fallback,506,122,512,0.114399,1e-06,16.469684,0.788538,0.913043,0.936759,0.954545,0.849686,0.864144,0.734387,0.920949,0.954644,"{""general"": 0.727273, ""passport_dob"": 1.0, ""pnr"": 0.962963, ""rebooking"": 0.981366, ""refund"": 0.969388, ""ticketing"": 0.75, ""voucher"": 0.913043}","[{""query_id"": 2, ""query"": ""what is the difference between open ticket and voucher"", ""category"": ""voucher"", ""top_ids"": [68, 50, 51, 56, 82]}, {""query_id"": 3, ""query"": ""what is vi order"", ""category"": ""pnr"", ""top_ids"": [9, 109, 5, 105, 3]}, {""query_id"": 5, ""query"": ""what is sc script - rir message for manual and auto handling in travelport"", ""category"": ""pnr"", ""top_ids"": [90, 51, 68, 75, 9]}, {""query_id"": 7, ""query"": ""how to register errand templates for sc scenarios"", ""category"": ""general"", ""top_ids"": [15, 115, 100, 38, 76]}, {""query_id"": 8, ""query"": ""how to handle tech alerts in schedule change"", ""category"": ""pnr"", ""top_ids"": [17, 117, 15, 115, 99]}]","[{""query_id"": 1, ""query"": ""customer has multi pnr and received voucher email only for one pnr"", ""category"": ""voucher"", ""top_ids"": [99, 92, 96, 10, 110]}, {""query_id"": 4, ""query"": ""how to display an old emd record"", ""category"": ""voucher"", ""top_ids"": [94, 100, 61, 99, 78]}, {""query_id"": 6, ""query"": ""what are different scenarios for sc register errand flow"", ""category"": ""general"", ""top_ids"": [67, 15, 115, 18, 118]}, {""query_id"": 17, ""query"": ""how many 2nd line support teams are there"", ""category"": ""refund"", ""top_ids"": [54, 78, 58, 20, 120]}, {""query_id"": 18, ""query"": ""if ra is rejected, who should inform the customer accordingly"", ""category"": ""general"", ""top_ids"": [9, 109, 90, 50, 11]}, {""query_id"": 34, ""query"": ""what are the systems used in flight irregularities"", ""category"": ""general"", ""top_ids"": [90, 30, 44, 88, 64]}, {""query_id"": 38, ""query"": ""how to add a ghostline"", ""category"": ""pnr"", ""top_ids"": [99, 76, 73, 90, 35]}, {""query_id"": 39, ""query"": ""how to add a remark"", ""category"": ""rebooking"", ""top_ids"": [99, 76, 75, 90, 35]}, {""query_id"": 49, ""query"": ""is an arn request considered as an urgent case"", ""category"": ""general"", ""top_ids"": [94, 14, 114, 51, 72]}, {""query_id"": 51, ""query"": ""what are the main payment systems (psp) that arn currently uses"", ""category"": ""general"", ""top_ids"": [29, 96, 12, 112, 40]}]",
mod_0047,semantic_split,openai_text-embedding-3-large,Qdrant,dense_cosine,Qwen3:4B Rerank,overlap_relevance,local_offline_fallback,506,122,512,0.114399,1e-06,16.28243,0.788538,0.916996,0.934783,0.954545,0.850856,0.864954,0.741107,0.918923,0.954545,"{""general"": 0.709091, ""passport_dob"": 1.0, ""pnr"": 0.981481, ""rebooking"": 0.981366, ""refund"": 0.964286, ""ticketing"": 0.75, ""voucher"": 0.913043}","[{""query_id"": 2, ""query"": ""what is the difference between open ticket and voucher"", ""category"": ""voucher"", ""top_ids"": [68, 50, 51, 56, 82]}, {""query_id"": 3, ""query"": ""what is vi order"", ""category"": ""pnr"", ""top_ids"": [9, 109, 5, 105, 3]}, {""query_id"": 5, ""query"": ""what is sc script - rir message for manual and auto handling in travelport"", ""category"": ""pnr"", ""top_ids"": [90, 51, 75, 68, 18]}, {""query_id"": 7, ""query"": ""how to register errand templates for sc scenarios"", ""category"": ""general"", ""top_ids"": [15, 115, 38, 100, 76]}, {""query_id"": 8, ""query"": ""how to handle tech alerts in schedule change"", ""category"": ""pnr"", ""top_ids"": [17, 117, 15, 115, 99]}]","[{""query_id"": 1, ""query"": ""customer has multi pnr and received voucher email only for one pnr"", ""category"": ""voucher"", ""top_ids"": [99, 96, 10, 110, 14]}, {""query_id"": 4, ""query"": ""how to display an old emd record"", ""category"": ""voucher"", ""top_ids"": [94, 100, 61, 99, 78]}, {""query_id"": 6, ""query"": ""what are different scenarios for sc register errand flow"", ""category"": ""general"", ""top_ids"": [67, 15, 115, 18, 118]}, {""query_id"": 17, ""query"": ""how many 2nd line support teams are there"", ""category"": ""refund"", ""top_ids"": [54, 78, 58, 20, 120]}, {""query_id"": 18, ""query"": ""if ra is rejected, who should inform the customer accordingly"", ""category"": ""general"", ""top_ids"": [9, 109, 90, 50, 11]}, {""query_id"": 34, ""query"": ""what are the systems used in flight irregularities"", ""category"": ""general"", ""top_ids"": [90, 30, 44, 88, 64]}, {""query_id"": 38, ""query"": ""how to add a ghostline"", ""category"": ""pnr"", ""top_ids"": [99, 76, 73, 90, 35]}, {""query_id"": 39, ""query"": ""how to add a remark"", ""category"": ""rebooking"", ""top_ids"": [99, 76, 75, 90, 35]}, {""query_id"": 49, ""query"": ""is an arn request considered as an urgent case"", ""category"": ""general"", ""top_ids"": [94, 14, 114, 51, 72]}, {""query_id"": 51, ""query"": ""what are the main payment systems (psp) that arn currently uses"", ""category"": ""general"", ""top_ids"": [96, 29, 12, 112, 40]}]",
mod_0048,semantic_split,openai_text-embedding-3-large,Qdrant,dense_cosine,bge-reranker-base,overlap_relevance,local_offline_fallback,506,122,512,0.114399,1e-06,15.996315,0.790514,0.911067,0.934783,0.954545,0.850592,0.864173,0.744269,0.918923,0.954545,"{""general"": 0.709091, ""passport_dob"": 1.0, ""pnr"": 0.981481, ""rebooking"": 0.981366, ""refund"": 0.964286, ""ticketing"": 0.75, ""voucher"": 0.913043}","[{""query_id"": 2, ""query"": ""what is the difference between open ticket and voucher"", ""category"": ""voucher"", ""top_ids"": [68, 50, 51, 56, 82]}, {""query_id"": 3, ""query"": ""what is vi order"", ""category"": ""pnr"", ""top_ids"": [9, 109, 5, 105, 3]}, {""query_id"": 5, ""query"": ""what is sc script - rir message for manual and auto handling in travelport"", ""category"": ""pnr"", ""top_ids"": [90, 75, 18, 118, 51]}, {""query_id"": 7, ""query"": ""how to register errand templates for sc scenarios"", ""category"": ""general"", ""top_ids"": [15, 115, 38, 100, 76]}, {""query_id"": 8, ""query"": ""how to handle tech alerts in schedule change"", ""category"": ""pnr"", ""top_ids"": [17, 117, 15, 115, 99]}]","[{""query_id"": 1, ""query"": ""customer has multi pnr and received voucher email only for one pnr"", ""category"": ""voucher"", ""top_ids"": [99, 96, 10, 110, 14]}, {""query_id"": 4, ""query"": ""how to display an old emd record"", ""category"": ""voucher"", ""top_ids"": [94, 61, 100, 99, 78]}, {""query_id"": 6, ""query"": ""what are different scenarios for sc register errand flow"", ""category"": ""general"", ""top_ids"": [67, 15, 115, 18, 118]}, {""query_id"": 17, ""query"": ""how many 2nd line support teams are there"", ""category"": ""refund"", ""top_ids"": [54, 78, 58, 20, 120]}, {""query_id"": 18, ""query"": ""if ra is rejected, who should inform the customer accordingly"", ""category"": ""general"", ""top_ids"": [9, 109, 90, 50, 11]}, {""query_id"": 34, ""query"": ""what are the systems used in flight irregularities"", ""category"": ""general"", ""top_ids"": [90, 30, 44, 88, 64]}, {""query_id"": 38, ""query"": ""how to add a ghostline"", ""category"": ""pnr"", ""top_ids"": [99, 76, 73, 90, 35]}, {""query_id"": 39, ""query"": ""how to add a remark"", ""category"": ""rebooking"", ""top_ids"": [99, 76, 75, 90, 35]}, {""query_id"": 49, ""query"": ""is an arn request considered as an urgent case"", ""category"": ""general"", ""top_ids"": [94, 14, 114, 51, 72]}, {""query_id"": 51, ""query"": ""what are the main payment systems (psp) that arn currently uses"", ""category"": ""general"", ""top_ids"": [96, 29, 12, 112, 40]}]",
mod_0049,semantic_split,openai_text-embedding-3-large,PGVector,dense_cosine,Amazon Rerank v1,overlap_relevance,local_offline_fallback,506,122,512,0.114399,1e-06,16.058483,0.788538,0.913043,0.936759,0.954545,0.849686,0.864144,0.734387,0.920949,0.954644,"{""general"": 0.727273, ""passport_dob"": 1.0, ""pnr"": 0.962963, ""rebooking"": 0.981366, ""refund"": 0.969388, ""ticketing"": 0.75, ""voucher"": 0.913043}","[{""query_id"": 2, ""query"": ""what is the difference between open ticket and voucher"", ""category"": ""voucher"", ""top_ids"": [68, 50, 51, 56, 82]}, {""query_id"": 3, ""query"": ""what is vi order"", ""category"": ""pnr"", ""top_ids"": [9, 109, 5, 105, 3]}, {""query_id"": 5, ""query"": ""what is sc script - rir message for manual and auto handling in travelport"", ""category"": ""pnr"", ""top_ids"": [90, 51, 68, 75, 9]}, {""query_id"": 7, ""query"": ""how to register errand templates for sc scenarios"", ""category"": ""general"", ""top_ids"": [15, 115, 100, 38, 76]}, {""query_id"": 8, ""query"": ""how to handle tech alerts in schedule change"", ""category"": ""pnr"", ""top_ids"": [17, 117, 15, 115, 99]}]","[{""query_id"": 1, ""query"": ""customer has multi pnr and received voucher email only for one pnr"", ""category"": ""voucher"", ""top_ids"": [99, 92, 96, 10, 110]}, {""query_id"": 4, ""query"": ""how to display an old emd record"", ""category"": ""voucher"", ""top_ids"": [94, 100, 61, 99, 78]}, {""query_id"": 6, ""query"": ""what are different scenarios for sc register errand flow"", ""category"": ""general"", ""top_ids"": [67, 15, 115, 18, 118]}, {""query_id"": 17, ""query"": ""how many 2nd line support teams are there"", ""category"": ""refund"", ""top_ids"": [54, 78, 58, 20, 120]}, {""query_id"": 18, ""query"": ""if ra is rejected, who should inform the customer accordingly"", ""category"": ""general"", ""top_ids"": [9, 109, 90, 50, 11]}, {""query_id"": 34, ""query"": ""what are the systems used in flight irregularities"", ""category"": ""general"", ""top_ids"": [90, 30, 44, 88, 64]}, {""query_id"": 38, ""query"": ""how to add a ghostline"", ""category"": ""pnr"", ""top_ids"": [99, 76, 73, 90, 35]}, {""query_id"": 39, ""query"": ""how to add a remark"", ""category"": ""rebooking"", ""top_ids"": [99, 76, 75, 90, 35]}, {""query_id"": 49, ""query"": ""is an arn request considered as an urgent case"", ""category"": ""general"", ""top_ids"": [94, 14, 114, 51, 72]}, {""query_id"": 51, ""query"": ""what are the main payment systems (psp) that arn currently uses"", ""category"": ""general"", ""top_ids"": [29, 96, 12, 112, 40]}]",
mod_0050,semantic_split,openai_text-embedding-3-large,PGVector,dense_cosine,Qwen3:4B Rerank,overlap_relevance,local_offline_fallback,506,122,512,0.114399,0.0,16.091068,0.788538,0.916996,0.934783,0.954545,0.850856,0.864954,0.741107,0.918923,0.954545,"{""general"": 0.709091, ""passport_dob"": 1.0, ""pnr"": 0.981481, ""rebooking"": 0.981366, ""refund"": 0.964286, ""ticketing"": 0.75, ""voucher"": 0.913043}","[{""query_id"": 2, ""query"": ""what is the difference between open ticket and voucher"", ""category"": ""voucher"", ""top_ids"": [68, 50, 51, 56, 82]}, {""query_id"": 3, ""query"": ""what is vi order"", ""category"": ""pnr"", ""top_ids"": [9, 109, 5, 105, 3]}, {""query_id"": 5, ""query"": ""what is sc script - rir message for manual and auto handling in travelport"", ""category"": ""pnr"", ""top_ids"": [90, 51, 75, 68, 18]}, {""query_id"": 7, ""query"": ""how to register errand templates for sc scenarios"", ""category"": ""general"", ""top_ids"": [15, 115, 38, 100, 76]}, {""query_id"": 8, ""query"": ""how to handle tech alerts in schedule change"", ""category"": ""pnr"", ""top_ids"": [17, 117, 15, 115, 99]}]","[{""query_id"": 1, ""query"": ""customer has multi pnr and received voucher email only for one pnr"", ""category"": ""voucher"", ""top_ids"": [99, 96, 10, 110, 14]}, {""query_id"": 4, ""query"": ""how to display an old emd record"", ""category"": ""voucher"", ""top_ids"": [94, 100, 61, 99, 78]}, {""query_id"": 6, ""query"": ""what are different scenarios for sc register errand flow"", ""category"": ""general"", ""top_ids"": [67, 15, 115, 18, 118]}, {""query_id"": 17, ""query"": ""how many 2nd line support teams are there"", ""category"": ""refund"", ""top_ids"": [54, 78, 58, 20, 120]}, {""query_id"": 18, ""query"": ""if ra is rejected, who should inform the customer accordingly"", ""category"": ""general"", ""top_ids"": [9, 109, 90, 50, 11]}, {""query_id"": 34, ""query"": ""what are the systems used in flight irregularities"", ""category"": ""general"", ""top_ids"": [90, 30, 44, 88, 64]}, {""query_id"": 38, ""query"": ""how to add a ghostline"", ""category"": ""pnr"", ""top_ids"": [99, 76, 73, 90, 35]}, {""query_id"": 39, ""query"": ""how to add a remark"", ""category"": ""rebooking"", ""top_ids"": [99, 76, 75, 90, 35]}, {""query_id"": 49, ""query"": ""is an arn request considered as an urgent case"", ""category"": ""general"", ""top_ids"": [94, 14, 114, 51, 72]}, {""query_id"": 51, ""query"": ""what are the main payment systems (psp) that arn currently uses"", ""category"": ""general"", ""top_ids"": [96, 29, 12, 112, 40]}]",
mod_0051,semantic_split,openai_text-embedding-3-large,PGVector,dense_cosine,bge-reranker-base,overlap_relevance,local_offline_fallback,506,122,512,0.114399,1e-06,16.05997,0.790514,0.911067,0.934783,0.954545,0.850592,0.864173,0.744269,0.918923,0.954545,"{""general"": 0.709091, ""passport_dob"": 1.0, ""pnr"": 0.981481, ""rebooking"": 0.981366, ""refund"": 0.964286, ""ticketing"": 0.75, ""voucher"": 0.913043}","[{""query_id"": 2, ""query"": ""what is the difference between open ticket and voucher"", ""category"": ""voucher"", ""top_ids"": [68, 50, 51, 56, 82]}, {""query_id"": 3, ""query"": ""what is vi order"", ""category"": ""pnr"", ""top_ids"": [9, 109, 5, 105, 3]}, {""query_id"": 5, ""query"": ""what is sc script - rir message for manual and auto handling in travelport"", ""category"": ""pnr"", ""top_ids"": [90, 75, 18, 118, 51]}, {""query_id"": 7, ""query"": ""how to register errand templates for sc scenarios"", ""category"": ""general"", ""top_ids"": [15, 115, 38, 100, 76]}, {""query_id"": 8, ""query"": ""how to handle tech alerts in schedule change"", ""category"": ""pnr"", ""top_ids"": [17, 117, 15, 115, 99]}]","[{""query_id"": 1, ""query"": ""customer has multi pnr and received voucher email only for one pnr"", ""category"": ""voucher"", ""top_ids"": [99, 96, 10, 110, 14]}, {""query_id"": 4, ""query"": ""how to display an old emd record"", ""category"": ""voucher"", ""top_ids"": [94, 61, 100, 99, 78]}, {""query_id"": 6, ""query"": ""what are different scenarios for sc register errand flow"", ""category"": ""general"", ""top_ids"": [67, 15, 115, 18, 118]}, {""query_id"": 17, ""query"": ""how many 2nd line support teams are there"", ""category"": ""refund"", ""top_ids"": [54, 78, 58, 20, 120]}, {""query_id"": 18, ""query"": ""if ra is rejected, who should inform the customer accordingly"", ""category"": ""general"", ""top_ids"": [9, 109, 90, 50, 11]}, {""query_id"": 34, ""query"": ""what are the systems used in flight irregularities"", ""category"": ""general"", ""top_ids"": [90, 30, 44, 88, 64]}, {""query_id"": 38, ""query"": ""how to add a ghostline"", ""category"": ""pnr"", ""top_ids"": [99, 76, 73, 90, 35]}, {""query_id"": 39, ""query"": ""how to add a remark"", ""category"": ""rebooking"", ""top_ids"": [99, 76, 75, 90, 35]}, {""query_id"": 49, ""query"": ""is an arn request considered as an urgent case"", ""category"": ""general"", ""top_ids"": [94, 14, 114, 51, 72]}, {""query_id"": 51, ""query"": ""what are the main payment systems (psp) that arn currently uses"", ""category"": ""general"", ""top_ids"": [96, 29, 12, 112, 40]}]",
mod_0052,semantic_split,openai_text-embedding-3-large,Weaviate,dense_cosine,Amazon Rerank v1,overlap_relevance,local_offline_fallback,506,122,512,0.114399,1e-06,15.980815,0.788538,0.913043,0.936759,0.954545,0.849686,0.864144,0.734387,0.920949,0.954644,"{""general"": 0.727273, ""passport_dob"": 1.0, ""pnr"": 0.962963, ""rebooking"": 0.981366, ""refund"": 0.969388, ""ticketing"": 0.75, ""voucher"": 0.913043}","[{""query_id"": 2, ""query"": ""what is the difference between open ticket and voucher"", ""category"": ""voucher"", ""top_ids"": [68, 50, 51, 56, 82]}, {""query_id"": 3, ""query"": ""what is vi order"", ""category"": ""pnr"", ""top_ids"": [9, 109, 5, 105, 3]}, {""query_id"": 5, ""query"": ""what is sc script - rir message for manual and auto handling in travelport"", ""category"": ""pnr"", ""top_ids"": [90, 51, 68, 75, 9]}, {""query_id"": 7, ""query"": ""how to register errand templates for sc scenarios"", ""category"": ""general"", ""top_ids"": [15, 115, 100, 38, 76]}, {""query_id"": 8, ""query"": ""how to handle tech alerts in schedule change"", ""category"": ""pnr"", ""top_ids"": [17, 117, 15, 115, 99]}]","[{""query_id"": 1, ""query"": ""customer has multi pnr and received voucher email only for one pnr"", ""category"": ""voucher"", ""top_ids"": [99, 92, 96, 10, 110]}, {""query_id"": 4, ""query"": ""how to display an old emd record"", ""category"": ""voucher"", ""top_ids"": [94, 100, 61, 99, 78]}, {""query_id"": 6, ""query"": ""what are different scenarios for sc register errand flow"", ""category"": ""general"", ""top_ids"": [67, 15, 115, 18, 118]}, {""query_id"": 17, ""query"": ""how many 2nd line support teams are there"", ""category"": ""refund"", ""top_ids"": [54, 78, 58, 20, 120]}, {""query_id"": 18, ""query"": ""if ra is rejected, who should inform the customer accordingly"", ""category"": ""general"", ""top_ids"": [9, 109, 90, 50, 11]}, {""query_id"": 34, ""query"": ""what are the systems used in flight irregularities"", ""category"": ""general"", ""top_ids"": [90, 30, 44, 88, 64]}, {""query_id"": 38, ""query"": ""how to add a ghostline"", ""category"": ""pnr"", ""top_ids"": [99, 76, 73, 90, 35]}, {""query_id"": 39, ""query"": ""how to add a remark"", ""category"": ""rebooking"", ""top_ids"": [99, 76, 75, 90, 35]}, {""query_id"": 49, ""query"": ""is an arn request considered as an urgent case"", ""category"": ""general"", ""top_ids"": [94, 14, 114, 51, 72]}, {""query_id"": 51, ""query"": ""what are the main payment systems (psp) that arn currently uses"", ""category"": ""general"", ""top_ids"": [29, 96, 12, 112, 40]}]",
mod_0053,semantic_split,openai_text-embedding-3-large,Weaviate,dense_cosine,Qwen3:4B Rerank,overlap_relevance,local_offline_fallback,506,122,512,0.114399,1e-06,16.196027,0.788538,0.916996,0.934783,0.954545,0.850856,0.864954,0.741107,0.918923,0.954545,"{""general"": 0.709091, ""passport_dob"": 1.0, ""pnr"": 0.981481, ""rebooking"": 0.981366, ""refund"": 0.964286, ""ticketing"": 0.75, ""voucher"": 0.913043}","[{""query_id"": 2, ""query"": ""what is the difference between open ticket and voucher"", ""category"": ""voucher"", ""top_ids"": [68, 50, 51, 56, 82]}, {""query_id"": 3, ""query"": ""what is vi order"", ""category"": ""pnr"", ""top_ids"": [9, 109, 5, 105, 3]}, {""query_id"": 5, ""query"": ""what is sc script - rir message for manual and auto handling in travelport"", ""category"": ""pnr"", ""top_ids"": [90, 51, 75, 68, 18]}, {""query_id"": 7, ""query"": ""how to register errand templates for sc scenarios"", ""category"": ""general"", ""top_ids"": [15, 115, 38, 100, 76]}, {""query_id"": 8, ""query"": ""how to handle tech alerts in schedule change"", ""category"": ""pnr"", ""top_ids"": [17, 117, 15, 115, 99]}]","[{""query_id"": 1, ""query"": ""customer has multi pnr and received voucher email only for one pnr"", ""category"": ""voucher"", ""top_ids"": [99, 96, 10, 110, 14]}, {""query_id"": 4, ""query"": ""how to display an old emd record"", ""category"": ""voucher"", ""top_ids"": [94, 100, 61, 99, 78]}, {""query_id"": 6, ""query"": ""what are different scenarios for sc register errand flow"", ""category"": ""general"", ""top_ids"": [67, 15, 115, 18, 118]}, {""query_id"": 17, ""query"": ""how many 2nd line support teams are there"", ""category"": ""refund"", ""top_ids"": [54, 78, 58, 20, 120]}, {""query_id"": 18, ""query"": ""if ra is rejected, who should inform the customer accordingly"", ""category"": ""general"", ""top_ids"": [9, 109, 90, 50, 11]}, {""query_id"": 34, ""query"": ""what are the systems used in flight irregularities"", ""category"": ""general"", ""top_ids"": [90, 30, 44, 88, 64]}, {""query_id"": 38, ""query"": ""how to add a ghostline"", ""category"": ""pnr"", ""top_ids"": [99, 76, 73, 90, 35]}, {""query_id"": 39, ""query"": ""how to add a remark"", ""category"": ""rebooking"", ""top_ids"": [99, 76, 75, 90, 35]}, {""query_id"": 49, ""query"": ""is an arn request considered as an urgent case"", ""category"": ""general"", ""top_ids"": [94, 14, 114, 51, 72]}, {""query_id"": 51, ""query"": ""what are the main payment systems (psp) that arn currently uses"", ""category"": ""general"", ""top_ids"": [96, 29, 12, 112, 40]}]",
mod_0054,semantic_split,openai_text-embedding-3-large,Weaviate,dense_cosine,bge-reranker-base,overlap_relevance,local_offline_fallback,506,122,512,0.114399,1e-06,16.19747,0.790514,0.911067,0.934783,0.954545,0.850592,0.864173,0.744269,0.918923,0.954545,"{""general"": 0.709091, ""passport_dob"": 1.0, ""pnr"": 0.981481, ""rebooking"": 0.981366, ""refund"": 0.964286, ""ticketing"": 0.75, ""voucher"": 0.913043}","[{""query_id"": 2, ""query"": ""what is the difference between open ticket and voucher"", ""category"": ""voucher"", ""top_ids"": [68, 50, 51, 56, 82]}, {""query_id"": 3, ""query"": ""what is vi order"", ""category"": ""pnr"", ""top_ids"": [9, 109, 5, 105, 3]}, {""query_id"": 5, ""query"": ""what is sc script - rir message for manual and auto handling in travelport"", ""category"": ""pnr"", ""top_ids"": [90, 75, 18, 118, 51]}, {""query_id"": 7, ""query"": ""how to register errand templates for sc scenarios"", ""category"": ""general"", ""top_ids"": [15, 115, 38, 100, 76]}, {""query_id"": 8, ""query"": ""how to handle tech alerts in schedule change"", ""category"": ""pnr"", ""top_ids"": [17, 117, 15, 115, 99]}]","[{""query_id"": 1, ""query"": ""customer has multi pnr and received voucher email only for one pnr"", ""category"": ""voucher"", ""top_ids"": [99, 96, 10, 110, 14]}, {""query_id"": 4, ""query"": ""how to display an old emd record"", ""category"": ""voucher"", ""top_ids"": [94, 61, 100, 99, 78]}, {""query_id"": 6, ""query"": ""what are different scenarios for sc register errand flow"", ""category"": ""general"", ""top_ids"": [67, 15, 115, 18, 118]}, {""query_id"": 17, ""query"": ""how many 2nd line support teams are there"", ""category"": ""refund"", ""top_ids"": [54, 78, 58, 20, 120]}, {""query_id"": 18, ""query"": ""if ra is rejected, who should inform the customer accordingly"", ""category"": ""general"", ""top_ids"": [9, 109, 90, 50, 11]}, {""query_id"": 34, ""query"": ""what are the systems used in flight irregularities"", ""category"": ""general"", ""top_ids"": [90, 30, 44, 88, 64]}, {""query_id"": 38, ""query"": ""how to add a ghostline"", ""category"": ""pnr"", ""top_ids"": [99, 76, 73, 90, 35]}, {""query_id"": 39, ""query"": ""how to add a remark"", ""category"": ""rebooking"", ""top_ids"": [99, 76, 75, 90, 35]}, {""query_id"": 49, ""query"": ""is an arn request considered as an urgent case"", ""category"": ""general"", ""top_ids"": [94, 14, 114, 51, 72]}, {""query_id"": 51, ""query"": ""what are the main payment systems (psp) that arn currently uses"", ""category"": ""general"", ""top_ids"": [96, 29, 12, 112, 40]}]",
mod_0055,fixed_tok1200_ov150,jina_v3,Qdrant,dense_cosine,Amazon Rerank v1,overlap_relevance,local_offline_fallback,506,56,384,0.093953,1e-06,6.470624,0.711462,0.841897,0.893281,0.936759,0.782316,0.809001,0.655336,0.865563,0.919022,"{""general"": 0.727273, ""passport_dob"": 1.0, ""pnr"": 0.907407, ""rebooking"": 0.913043, ""refund"": 0.933673, ""ticketing"": 0.625, ""voucher"": 0.956522}","[{""query_id"": 1, ""query"": ""customer has multi pnr and received voucher email only for one pnr"", ""category"": ""voucher"", ""top_ids"": [44, 43, 8, 52, 9]}, {""query_id"": 2, ""query"": ""what is the difference between open ticket and voucher"", ""category"": ""voucher"", ""top_ids"": [40, 29, 32, 43, 25]}, {""query_id"": 3, ""query"": ""what is vi order"", ""category"": ""pnr"", ""top_ids"": [7, 51, 3, 47, 1]}, {""query_id"": 5, ""query"": ""what is sc script - rir message for manual and auto handling in travelport"", ""category"": ""pnr"", ""top_ids"": [43, 32, 29, 1, 45]}, {""query_id"": 8, ""query"": ""how to handle tech alerts in schedule change"", ""category"": ""pnr"", ""top_ids"": [10, 54, 44, 9, 53]}]","[{""query_id"": 4, ""query"": ""how to display an old emd record"", ""category"": ""voucher"", ""top_ids"": [43, 42, 25, 44, 27]}, {""query_id"": 6, ""query"": ""what are different scenarios for sc register errand flow"", ""category"": ""general"", ""top_ids"": [9, 53, 10, 54, 1]}, {""query_id"": 7, ""query"": ""how to register errand templates for sc scenarios"", ""category"": ""general"", ""top_ids"": [9, 53, 10, 54, 11]}, {""query_id"": 10, ""query"": ""what should be indicated in the endorsement box if the tickets require reissue"", ""category"": ""rebooking"", ""top_ids"": [25, 43, 17, 24, 18]}, {""query_id"": 17, ""query"": ""how many 2nd line support teams are there"", ""category"": ""refund"", ""top_ids"": [43, 11, 55, 33, 27]}, {""query_id"": 20, ""query"": ""what are the queues manual handle and manual antares in edvin for"", ""category"": ""refund"", ""top_ids"": [29, 32, 3, 47, 1]}, {""query_id"": 34, ""query"": ""what are the systems used in flight irregularities"", ""category"": ""general"", ""top_ids"": [8, 52, 21, 40, 24]}, {""query_id"": 38, ""query"": ""how to add a ghostline"", ""category"": ""pnr"", ""top_ids"": [44, 33, 40, 31, 19]}, {""query_id"": 39, ""query"": ""how to add a remark"", ""category"": ""rebooking"", ""top_ids"": [44, 33, 40, 35, 19]}, {""query_id"": 40, ""query"": ""how to add baggage and other ancillaries"", ""category"": ""pnr"", ""top_ids"": [6, 50, 19, 11, 55]}]",
mod_0056,fixed_tok1200_ov150,jina_v3,Qdrant,dense_cosine,Qwen3:4B Rerank,overlap_relevance,local_offline_fallback,506,56,384,0.093953,1e-06,6.538746,0.721344,0.847826,0.891304,0.934783,0.790087,0.814464,0.66166,0.867441,0.918972,"{""general"": 0.709091, ""passport_dob"": 1.0, ""pnr"": 0.925926, ""rebooking"": 0.913043, ""refund"": 0.933673, ""ticketing"": 0.625, ""voucher"": 0.913043}","[{""query_id"": 1, ""query"": ""customer has multi pnr and received voucher email only for one pnr"", ""category"": ""voucher"", ""top_ids"": [44, 43, 8, 52, 9]}, {""query_id"": 2, ""query"": ""what is the difference between open ticket and voucher"", ""category"": ""voucher"", ""top_ids"": [40, 29, 43, 25, 32]}, {""query_id"": 3, ""query"": ""what is vi order"", ""category"": ""pnr"", ""top_ids"": [7, 51, 3, 47, 1]}, {""query_id"": 5, ""query"": ""what is sc script - rir message for manual and auto handling in travelport"", ""category"": ""pnr"", ""top_ids"": [43, 32, 8, 1, 45]}, {""query_id"": 8, ""query"": ""how to handle tech alerts in schedule change"", ""category"": ""pnr"", ""top_ids"": [10, 54, 44, 9, 53]}]","[{""query_id"": 4, ""query"": ""how to display an old emd record"", ""category"": ""voucher"", ""top_ids"": [43, 42, 25, 27, 44]}, {""query_id"": 6, ""query"": ""what are different scenarios for sc register errand flow"", ""category"": ""general"", ""top_ids"": [9, 53, 10, 54, 1]}, {""query_id"": 7, ""query"": ""how to register errand templates for sc scenarios"", ""category"": ""general"", ""top_ids"": [9, 53, 10, 54, 21]}, {""query_id"": 10, ""query"": ""what should be indicated in the endorsement box if the tickets require reissue"", ""category"": ""rebooking"", ""top_ids"": [25, 43, 17, 24, 18]}, {""query_id"": 17, ""query"": ""how many 2nd line support teams are there"", ""category"": ""refund"", ""top_ids"": [43, 11, 55, 33, 27]}, {""query_id"": 20, ""query"": ""what are the queues manual handle and manual antares in edvin for"", ""category"": ""refund"", ""top_ids"": [32, 3, 47, 1, 45]}, {""query_id"": 34, ""query"": ""what are the systems used in flight irregularities"", ""category"": ""general"", ""top_ids"": [8, 52, 21, 40, 24]}, {""query_id"": 38, ""query"": ""how to add a ghostline"", ""category"": ""pnr"", ""top_ids"": [44, 33, 40, 31, 19]}, {""query_id"": 39, ""query"": ""how to add a remark"", ""category"": ""rebooking"", ""top_ids"": [44, 33, 40, 35, 19]}, {""query_id"": 51, ""query"": ""what are the main payment systems (psp) that arn currently uses"", ""category"": ""general"", ""top_ids"": [23, 30, 40, 12, 56]}]",
mod_0057,fixed_tok1200_ov150,jina_v3,Qdrant,dense_cosine,bge-reranker-base,overlap_relevance,local_offline_fallback,506,56,384,0.093953,1e-06,6.574422,0.729249,0.851779,0.893281,0.936759,0.795903,0.818988,0.663636,0.869466,0.919022,"{""general"": 0.709091, ""passport_dob"": 1.0, ""pnr"": 0.907407, ""rebooking"": 0.913043, ""refund"": 0.938776, ""ticketing"": 0.625, ""voucher"": 0.956522}","[{""query_id"": 1, ""query"": ""customer has multi pnr and received voucher email only for one pnr"", ""category"": ""voucher"", ""top_ids"": [44, 43, 8, 52, 9]}, {""query_id"": 2, ""query"": ""what is the difference between open ticket and voucher"", ""category"": ""voucher"", ""top_ids"": [40, 29, 43, 25, 32]}, {""query_id"": 3, ""query"": ""what is vi order"", ""category"": ""pnr"", ""top_ids"": [7, 51, 3, 47, 1]}, {""query_id"": 5, ""query"": ""what is sc script - rir message for manual and auto handling in travelport"", ""category"": ""pnr"", ""top_ids"": [43, 8, 32, 1, 45]}, {""query_id"": 8, ""query"": ""how to handle tech alerts in schedule change"", ""category"": ""pnr"", ""top_ids"": [10, 54, 44, 9, 53]}]","[{""query_id"": 4, ""query"": ""how to display an old emd record"", ""category"": ""voucher"", ""top_ids"": [43, 42, 25, 27, 44]}, {""query_id"": 6, ""query"": ""what are different scenarios for sc register errand flow"", ""category"": ""general"", ""top_ids"": [9, 53, 10, 54, 1]}, {""query_id"": 7, ""query"": ""how to register errand templates for sc scenarios"", ""category"": ""general"", ""top_ids"": [9, 53, 10, 54, 21]}, {""query_id"": 10, ""query"": ""what should be indicated in the endorsement box if the tickets require reissue"", ""category"": ""rebooking"", ""top_ids"": [25, 43, 17, 24, 18]}, {""query_id"": 17, ""query"": ""how many 2nd line support teams are there"", ""category"": ""refund"", ""top_ids"": [43, 11, 55, 33, 27]}, {""query_id"": 20, ""query"": ""what are the queues manual handle and manual antares in edvin for"", ""category"": ""refund"", ""top_ids"": [32, 3, 47, 1, 45]}, {""query_id"": 34, ""query"": ""what are the systems used in flight irregularities"", ""category"": ""general"", ""top_ids"": [8, 52, 21, 40, 24]}, {""query_id"": 38, ""query"": ""how to add a ghostline"", ""category"": ""pnr"", ""top_ids"": [44, 33, 40, 31, 19]}, {""query_id"": 39, ""query"": ""how to add a remark"", ""category"": ""rebooking"", ""top_ids"": [44, 33, 40, 35, 19]}, {""query_id"": 51, ""query"": ""what are the main payment systems (psp) that arn currently uses"", ""category"": ""general"", ""top_ids"": [23, 30, 40, 12, 56]}]",
mod_0058,fixed_tok1200_ov150,jina_v3,PGVector,dense_cosine,Amazon Rerank v1,overlap_relevance,local_offline_fallback,506,56,384,0.093953,1e-06,6.589392,0.711462,0.841897,0.893281,0.936759,0.782316,0.809001,0.655336,0.865563,0.919022,"{""general"": 0.727273, ""passport_dob"": 1.0, ""pnr"": 0.907407, ""rebooking"": 0.913043, ""refund"": 0.933673, ""ticketing"": 0.625, ""voucher"": 0.956522}","[{""query_id"": 1, ""query"": ""customer has multi pnr and received voucher email only for one pnr"", ""category"": ""voucher"", ""top_ids"": [44, 43, 8, 52, 9]}, {""query_id"": 2, ""query"": ""what is the difference between open ticket and voucher"", ""category"": ""voucher"", ""top_ids"": [40, 29, 32, 43, 25]}, {""query_id"": 3, ""query"": ""what is vi order"", ""category"": ""pnr"", ""top_ids"": [7, 51, 3, 47, 1]}, {""query_id"": 5, ""query"": ""what is sc script - rir message for manual and auto handling in travelport"", ""category"": ""pnr"", ""top_ids"": [43, 32, 29, 1, 45]}, {""query_id"": 8, ""query"": ""how to handle tech alerts in schedule change"", ""category"": ""pnr"", ""top_ids"": [10, 54, 44, 9, 53]}]","[{""query_id"": 4, ""query"": ""how to display an old emd record"", ""category"": ""voucher"", ""top_ids"": [43, 42, 25, 44, 27]}, {""query_id"": 6, ""query"": ""what are different scenarios for sc register errand flow"", ""category"": ""general"", ""top_ids"": [9, 53, 10, 54, 1]}, {""query_id"": 7, ""query"": ""how to register errand templates for sc scenarios"", ""category"": ""general"", ""top_ids"": [9, 53, 10, 54, 11]}, {""query_id"": 10, ""query"": ""what should be indicated in the endorsement box if the tickets require reissue"", ""category"": ""rebooking"", ""top_ids"": [25, 43, 17, 24, 18]}, {""query_id"": 17, ""query"": ""how many 2nd line support teams are there"", ""category"": ""refund"", ""top_ids"": [43, 11, 55, 33, 27]}, {""query_id"": 20, ""query"": ""what are the queues manual handle and manual antares in edvin for"", ""category"": ""refund"", ""top_ids"": [29, 32, 3, 47, 1]}, {""query_id"": 34, ""query"": ""what are the systems used in flight irregularities"", ""category"": ""general"", ""top_ids"": [8, 52, 21, 40, 24]}, {""query_id"": 38, ""query"": ""how to add a ghostline"", ""category"": ""pnr"", ""top_ids"": [44, 33, 40, 31, 19]}, {""query_id"": 39, ""query"": ""how to add a remark"", ""category"": ""rebooking"", ""top_ids"": [44, 33, 40, 35, 19]}, {""query_id"": 40, ""query"": ""how to add baggage and other ancillaries"", ""category"": ""pnr"", ""top_ids"": [6, 50, 19, 11, 55]}]",
mod_0059,fixed_tok1200_ov150,jina_v3,PGVector,dense_cosine,Qwen3:4B Rerank,overlap_relevance,local_offline_fallback,506,56,384,0.093953,1e-06,6.622359,0.721344,0.847826,0.891304,0.934783,0.790087,0.814464,0.66166,0.867441,0.918972,"{""general"": 0.709091, ""passport_dob"": 1.0, ""pnr"": 0.925926, ""rebooking"": 0.913043, ""refund"": 0.933673, ""ticketing"": 0.625, ""voucher"": 0.913043}","[{""query_id"": 1, ""query"": ""customer has multi pnr and received voucher email only for one pnr"", ""category"": ""voucher"", ""top_ids"": [44, 43, 8, 52, 9]}, {""query_id"": 2, ""query"": ""what is the difference between open ticket and voucher"", ""category"": ""voucher"", ""top_ids"": [40, 29, 43, 25, 32]}, {""query_id"": 3, ""query"": ""what is vi order"", ""category"": ""pnr"", ""top_ids"": [7, 51, 3, 47, 1]}, {""query_id"": 5, ""query"": ""what is sc script - rir message for manual and auto handling in travelport"", ""category"": ""pnr"", ""top_ids"": [43, 32, 8, 1, 45]}, {""query_id"": 8, ""query"": ""how to handle tech alerts in schedule change"", ""category"": ""pnr"", ""top_ids"": [10, 54, 44, 9, 53]}]","[{""query_id"": 4, ""query"": ""how to display an old emd record"", ""category"": ""voucher"", ""top_ids"": [43, 42, 25, 27, 44]}, {""query_id"": 6, ""query"": ""what are different scenarios for sc register errand flow"", ""category"": ""general"", ""top_ids"": [9, 53, 10, 54, 1]}, {""query_id"": 7, ""query"": ""how to register errand templates for sc scenarios"", ""category"": ""general"", ""top_ids"": [9, 53, 10, 54, 21]}, {""query_id"": 10, ""query"": ""what should be indicated in the endorsement box if the tickets require reissue"", ""category"": ""rebooking"", ""top_ids"": [25, 43, 17, 24, 18]}, {""query_id"": 17, ""query"": ""how many 2nd line support teams are there"", ""category"": ""refund"", ""top_ids"": [43, 11, 55, 33, 27]}, {""query_id"": 20, ""query"": ""what are the queues manual handle and manual antares in edvin for"", ""category"": ""refund"", ""top_ids"": [32, 3, 47, 1, 45]}, {""query_id"": 34, ""query"": ""what are the systems used in flight irregularities"", ""category"": ""general"", ""top_ids"": [8, 52, 21, 40, 24]}, {""query_id"": 38, ""query"": ""how to add a ghostline"", ""category"": ""pnr"", ""top_ids"": [44, 33, 40, 31, 19]}, {""query_id"": 39, ""query"": ""how to add a remark"", ""category"": ""rebooking"", ""top_ids"": [44, 33, 40, 35, 19]}, {""query_id"": 51, ""query"": ""what are the main payment systems (psp) that arn currently uses"", ""category"": ""general"", ""top_ids"": [23, 30, 40, 12, 56]}]",
mod_0060,fixed_tok1200_ov150,jina_v3,PGVector,dense_cosine,bge-reranker-base,overlap_relevance,local_offline_fallback,506,56,384,0.093953,1e-06,6.582814,0.729249,0.851779,0.893281,0.936759,0.795903,0.818988,0.663636,0.869466,0.919022,"{""general"": 0.709091, ""passport_dob"": 1.0, ""pnr"": 0.907407, ""rebooking"": 0.913043, ""refund"": 0.938776, ""ticketing"": 0.625, ""voucher"": 0.956522}","[{""query_id"": 1, ""query"": ""customer has multi pnr and received voucher email only for one pnr"", ""category"": ""voucher"", ""top_ids"": [44, 43, 8, 52, 9]}, {""query_id"": 2, ""query"": ""what is the difference between open ticket and voucher"", ""category"": ""voucher"", ""top_ids"": [40, 29, 43, 25, 32]}, {""query_id"": 3, ""query"": ""what is vi order"", ""category"": ""pnr"", ""top_ids"": [7, 51, 3, 47, 1]}, {""query_id"": 5, ""query"": ""what is sc script - rir message for manual and auto handling in travelport"", ""category"": ""pnr"", ""top_ids"": [43, 8, 32, 1, 45]}, {""query_id"": 8, ""query"": ""how to handle tech alerts in schedule change"", ""category"": ""pnr"", ""top_ids"": [10, 54, 44, 9, 53]}]","[{""query_id"": 4, ""query"": ""how to display an old emd record"", ""category"": ""voucher"", ""top_ids"": [43, 42, 25, 27, 44]}, {""query_id"": 6, ""query"": ""what are different scenarios for sc register errand flow"", ""category"": ""general"", ""top_ids"": [9, 53, 10, 54, 1]}, {""query_id"": 7, ""query"": ""how to register errand templates for sc scenarios"", ""category"": ""general"", ""top_ids"": [9, 53, 10, 54, 21]}, {""query_id"": 10, ""query"": ""what should be indicated in the endorsement box if the tickets require reissue"", ""category"": ""rebooking"", ""top_ids"": [25, 43, 17, 24, 18]}, {""query_id"": 17, ""query"": ""how many 2nd line support teams are there"", ""category"": ""refund"", ""top_ids"": [43, 11, 55, 33, 27]}, {""query_id"": 20, ""query"": ""what are the queues manual handle and manual antares in edvin for"", ""category"": ""refund"", ""top_ids"": [32, 3, 47, 1, 45]}, {""query_id"": 34, ""query"": ""what are the systems used in flight irregularities"", ""category"": ""general"", ""top_ids"": [8, 52, 21, 40, 24]}, {""query_id"": 38, ""query"": ""how to add a ghostline"", ""category"": ""pnr"", ""top_ids"": [44, 33, 40, 31, 19]}, {""query_id"": 39, ""query"": ""how to add a remark"", ""category"": ""rebooking"", ""top_ids"": [44, 33, 40, 35, 19]}, {""query_id"": 51, ""query"": ""what are the main payment systems (psp) that arn currently uses"", ""category"": ""general"", ""top_ids"": [23, 30, 40, 12, 56]}]",
mod_0061,fixed_tok1200_ov150,jina_v3,Weaviate,dense_cosine,Amazon Rerank v1,overlap_relevance,local_offline_fallback,506,56,384,0.093953,1e-06,6.670443,0.711462,0.841897,0.893281,0.936759,0.782316,0.809001,0.655336,0.865563,0.919022,"{""general"": 0.727273, ""passport_dob"": 1.0, ""pnr"": 0.907407, ""rebooking"": 0.913043, ""refund"": 0.933673, ""ticketing"": 0.625, ""voucher"": 0.956522}","[{""query_id"": 1, ""query"": ""customer has multi pnr and received voucher email only for one pnr"", ""category"": ""voucher"", ""top_ids"": [44, 43, 8, 52, 9]}, {""query_id"": 2, ""query"": ""what is the difference between open ticket and voucher"", ""category"": ""voucher"", ""top_ids"": [40, 29, 32, 43, 25]}, {""query_id"": 3, ""query"": ""what is vi order"", ""category"": ""pnr"", ""top_ids"": [7, 51, 3, 47, 1]}, {""query_id"": 5, ""query"": ""what is sc script - rir message for manual and auto handling in travelport"", ""category"": ""pnr"", ""top_ids"": [43, 32, 29, 1, 45]}, {""query_id"": 8, ""query"": ""how to handle tech alerts in schedule change"", ""category"": ""pnr"", ""top_ids"": [10, 54, 44, 9, 53]}]","[{""query_id"": 4, ""query"": ""how to display an old emd record"", ""category"": ""voucher"", ""top_ids"": [43, 42, 25, 44, 27]}, {""query_id"": 6, ""query"": ""what are different scenarios for sc register errand flow"", ""category"": ""general"", ""top_ids"": [9, 53, 10, 54, 1]}, {""query_id"": 7, ""query"": ""how to register errand templates for sc scenarios"", ""category"": ""general"", ""top_ids"": [9, 53, 10, 54, 11]}, {""query_id"": 10, ""query"": ""what should be indicated in the endorsement box if the tickets require reissue"", ""category"": ""rebooking"", ""top_ids"": [25, 43, 17, 24, 18]}, {""query_id"": 17, ""query"": ""how many 2nd line support teams are there"", ""category"": ""refund"", ""top_ids"": [43, 11, 55, 33, 27]}, {""query_id"": 20, ""query"": ""what are the queues manual handle and manual antares in edvin for"", ""category"": ""refund"", ""top_ids"": [29, 32, 3, 47, 1]}, {""query_id"": 34, ""query"": ""what are the systems used in flight irregularities"", ""category"": ""general"", ""top_ids"": [8, 52, 21, 40, 24]}, {""query_id"": 38, ""query"": ""how to add a ghostline"", ""category"": ""pnr"", ""top_ids"": [44, 33, 40, 31, 19]}, {""query_id"": 39, ""query"": ""how to add a remark"", ""category"": ""rebooking"", ""top_ids"": [44, 33, 40, 35, 19]}, {""query_id"": 40, ""query"": ""how to add baggage and other ancillaries"", ""category"": ""pnr"", ""top_ids"": [6, 50, 19, 11, 55]}]",
mod_0062,fixed_tok1200_ov150,jina_v3,Weaviate,dense_cosine,Qwen3:4B Rerank,overlap_relevance,local_offline_fallback,506,56,384,0.093953,6e-06,7.020431,0.721344,0.847826,0.891304,0.934783,0.790087,0.814464,0.66166,0.867441,0.918972,"{""general"": 0.709091, ""passport_dob"": 1.0, ""pnr"": 0.925926, ""rebooking"": 0.913043, ""refund"": 0.933673, ""ticketing"": 0.625, ""voucher"": 0.913043}","[{""query_id"": 1, ""query"": ""customer has multi pnr and received voucher email only for one pnr"", ""category"": ""voucher"", ""top_ids"": [44, 43, 8, 52, 9]}, {""query_id"": 2, ""query"": ""what is the difference between open ticket and voucher"", ""category"": ""voucher"", ""top_ids"": [40, 29, 43, 25, 32]}, {""query_id"": 3, ""query"": ""what is vi order"", ""category"": ""pnr"", ""top_ids"": [7, 51, 3, 47, 1]}, {""query_id"": 5, ""query"": ""what is sc script - rir message for manual and auto handling in travelport"", ""category"": ""pnr"", ""top_ids"": [43, 32, 8, 1, 45]}, {""query_id"": 8, ""query"": ""how to handle tech alerts in schedule change"", ""category"": ""pnr"", ""top_ids"": [10, 54, 44, 9, 53]}]","[{""query_id"": 4, ""query"": ""how to display an old emd record"", ""category"": ""voucher"", ""top_ids"": [43, 42, 25, 27, 44]}, {""query_id"": 6, ""query"": ""what are different scenarios for sc register errand flow"", ""category"": ""general"", ""top_ids"": [9, 53, 10, 54, 1]}, {""query_id"": 7, ""query"": ""how to register errand templates for sc scenarios"", ""category"": ""general"", ""top_ids"": [9, 53, 10, 54, 21]}, {""query_id"": 10, ""query"": ""what should be indicated in the endorsement box if the tickets require reissue"", ""category"": ""rebooking"", ""top_ids"": [25, 43, 17, 24, 18]}, {""query_id"": 17, ""query"": ""how many 2nd line support teams are there"", ""category"": ""refund"", ""top_ids"": [43, 11, 55, 33, 27]}, {""query_id"": 20, ""query"": ""what are the queues manual handle and manual antares in edvin for"", ""category"": ""refund"", ""top_ids"": [32, 3, 47, 1, 45]}, {""query_id"": 34, ""query"": ""what are the systems used in flight irregularities"", ""category"": ""general"", ""top_ids"": [8, 52, 21, 40, 24]}, {""query_id"": 38, ""query"": ""how to add a ghostline"", ""category"": ""pnr"", ""top_ids"": [44, 33, 40, 31, 19]}, {""query_id"": 39, ""query"": ""how to add a remark"", ""category"": ""rebooking"", ""top_ids"": [44, 33, 40, 35, 19]}, {""query_id"": 51, ""query"": ""what are the main payment systems (psp) that arn currently uses"", ""category"": ""general"", ""top_ids"": [23, 30, 40, 12, 56]}]",
mod_0063,fixed_tok1200_ov150,jina_v3,Weaviate,dense_cosine,bge-reranker-base,overlap_relevance,local_offline_fallback,506,56,384,0.093953,0.0,6.570383,0.729249,0.851779,0.893281,0.936759,0.795903,0.818988,0.663636,0.869466,0.919022,"{""general"": 0.709091, ""passport_dob"": 1.0, ""pnr"": 0.907407, ""rebooking"": 0.913043, ""refund"": 0.938776, ""ticketing"": 0.625, ""voucher"": 0.956522}","[{""query_id"": 1, ""query"": ""customer has multi pnr and received voucher email only for one pnr"", ""category"": ""voucher"", ""top_ids"": [44, 43, 8, 52, 9]}, {""query_id"": 2, ""query"": ""what is the difference between open ticket and voucher"", ""category"": ""voucher"", ""top_ids"": [40, 29, 43, 25, 32]}, {""query_id"": 3, ""query"": ""what is vi order"", ""category"": ""pnr"", ""top_ids"": [7, 51, 3, 47, 1]}, {""query_id"": 5, ""query"": ""what is sc script - rir message for manual and auto handling in travelport"", ""category"": ""pnr"", ""top_ids"": [43, 8, 32, 1, 45]}, {""query_id"": 8, ""query"": ""how to handle tech alerts in schedule change"", ""category"": ""pnr"", ""top_ids"": [10, 54, 44, 9, 53]}]","[{""query_id"": 4, ""query"": ""how to display an old emd record"", ""category"": ""voucher"", ""top_ids"": [43, 42, 25, 27, 44]}, {""query_id"": 6, ""query"": ""what are different scenarios for sc register errand flow"", ""category"": ""general"", ""top_ids"": [9, 53, 10, 54, 1]}, {""query_id"": 7, ""query"": ""how to register errand templates for sc scenarios"", ""category"": ""general"", ""top_ids"": [9, 53, 10, 54, 21]}, {""query_id"": 10, ""query"": ""what should be indicated in the endorsement box if the tickets require reissue"", ""category"": ""rebooking"", ""top_ids"": [25, 43, 17, 24, 18]}, {""query_id"": 17, ""query"": ""how many 2nd line support teams are there"", ""category"": ""refund"", ""top_ids"": [43, 11, 55, 33, 27]}, {""query_id"": 20, ""query"": ""what are the queues manual handle and manual antares in edvin for"", ""category"": ""refund"", ""top_ids"": [32, 3, 47, 1, 45]}, {""query_id"": 34, ""query"": ""what are the systems used in flight irregularities"", ""category"": ""general"", ""top_ids"": [8, 52, 21, 40, 24]}, {""query_id"": 38, ""query"": ""how to add a ghostline"", ""category"": ""pnr"", ""top_ids"": [44, 33, 40, 31, 19]}, {""query_id"": 39, ""query"": ""how to add a remark"", ""category"": ""rebooking"", ""top_ids"": [44, 33, 40, 35, 19]}, {""query_id"": 51, ""query"": ""what are the main payment systems (psp) that arn currently uses"", ""category"": ""general"", ""top_ids"": [23, 30, 40, 12, 56]}]",
mod_0064,fixed_tok1200_ov150,gte_multilingual_base,Qdrant,dense_cosine,Amazon Rerank v1,overlap_relevance,local_offline_fallback,506,56,384,0.097438,1e-06,6.559664,0.6917,0.833992,0.893281,0.932806,0.769018,0.802801,0.65336,0.865563,0.920949,"{""general"": 0.727273, ""passport_dob"": 1.0, ""pnr"": 0.962963, ""rebooking"": 0.906832, ""refund"": 0.918367, ""ticketing"": 0.6875, ""voucher"": 0.956522}","[{""query_id"": 1, ""query"": ""customer has multi pnr and received voucher email only for one pnr"", ""category"": ""voucher"", ""top_ids"": [44, 43, 41, 9, 53]}, {""query_id"": 2, ""query"": ""what is the difference between open ticket and voucher"", ""category"": ""voucher"", ""top_ids"": [29, 40, 32, 43, 25]}, {""query_id"": 3, ""query"": ""what is vi order"", ""category"": ""pnr"", ""top_ids"": [7, 51, 3, 47, 8]}, {""query_id"": 5, ""query"": ""what is sc script - rir message for manual and auto handling in travelport"", ""category"": ""pnr"", ""top_ids"": [43, 29, 32, 7, 51]}, {""query_id"": 8, ""query"": ""how to handle tech alerts in schedule change"", ""category"": ""pnr"", ""top_ids"": [10, 54, 44, 9, 53]}]","[{""query_id"": 4, ""query"": ""how to display an old emd record"", ""category"": ""voucher"", ""top_ids"": [25, 33, 42, 19, 36]}, {""query_id"": 6, ""query"": ""what are different scenarios for sc register errand flow"", ""category"": ""general"", ""top_ids"": [9, 53, 10, 54, 1]}, {""query_id"": 7, ""query"": ""how to register errand templates for sc scenarios"", ""category"": ""general"", ""top_ids"": [9, 53, 33, 21, 10]}, {""query_id"": 10, ""query"": ""what should be indicated in the endorsement box if the tickets require reissue"", ""category"": ""rebooking"", ""top_ids"": [25, 43, 24, 18, 32]}, {""query_id"": 11, ""query"": ""what are airlines table (script) for invl reissue in gds systems"", ""category"": ""pnr"", ""top_ids"": [43, 19, 7, 51, 8]}, {""query_id"": 17, ""query"": ""how many 2nd line support teams are there"", ""category"": ""refund"", ""top_ids"": [26, 27, 11, 55, 25]}, {""query_id"": 20, ""query"": ""what are the queues manual handle and manual antares in edvin for"", ""category"": ""refund"", ""top_ids"": [29, 3, 47, 7, 51]}, {""query_id"": 34, ""query"": ""what are the systems used in flight irregularities"", ""category"": ""general"", ""top_ids"": [40, 21, 39, 43, 28]}, {""query_id"": 38, ""query"": ""how to add a ghostline"", ""category"": ""pnr"", ""top_ids"": [44, 33, 31, 35, 40]}, {""query_id"": 39, ""query"": ""how to add a remark"", ""category"": ""rebooking"", ""top_ids"": [44, 33, 31, 40, 32]}]",
mod_0065,fixed_tok1200_ov150,gte_multilingual_base,Qdrant,dense_cosine,Qwen3:4B Rerank,overlap_relevance,local_offline_fallback,506,56,384,0.097438,1e-06,6.604966,0.697628,0.839921,0.893281,0.932806,0.773774,0.807375,0.657312,0.865563,0.920949,"{""general"": 0.727273, ""passport_dob"": 1.0, ""pnr"": 0.962963, ""rebooking"": 0.906832, ""refund"": 0.918367, ""ticketing"": 0.6875, ""voucher"": 0.956522}","[{""query_id"": 1, ""query"": ""customer has multi pnr and received voucher email only for one pnr"", ""category"": ""voucher"", ""top_ids"": [44, 43, 9, 53, 8]}, {""query_id"": 2, ""query"": ""what is the difference between open ticket and voucher"", ""category"": ""voucher"", ""top_ids"": [29, 40, 43, 25, 32]}, {""query_id"": 3, ""query"": ""what is vi order"", ""category"": ""pnr"", ""top_ids"": [7, 51, 3, 47, 8]}, {""query_id"": 5, ""query"": ""what is sc script - rir message for manual and auto handling in travelport"", ""category"": ""pnr"", ""top_ids"": [43, 32, 29, 10, 54]}, {""query_id"": 8, ""query"": ""how to handle tech alerts in schedule change"", ""category"": ""pnr"", ""top_ids"": [10, 54, 44, 9, 53]}]","[{""query_id"": 4, ""query"": ""how to display an old emd record"", ""category"": ""voucher"", ""top_ids"": [25, 42, 33, 19, 36]}, {""query_id"": 6, ""query"": ""what are different scenarios for sc register errand flow"", ""category"": ""general"", ""top_ids"": [9, 53, 10, 54, 1]}, {""query_id"": 7, ""query"": ""how to register errand templates for sc scenarios"", ""category"": ""general"", ""top_ids"": [9, 53, 21, 10, 54]}, {""query_id"": 10, ""query"": ""what should be indicated in the endorsement box if the tickets require reissue"", ""category"": ""rebooking"", ""top_ids"": [25, 43, 24, 18, 32]}, {""query_id"": 11, ""query"": ""what are airlines table (script) for invl reissue in gds systems"", ""category"": ""pnr"", ""top_ids"": [43, 19, 8, 52, 7]}, {""query_id"": 17, ""query"": ""how many 2nd line support teams are there"", ""category"": ""refund"", ""top_ids"": [26, 27, 11, 55, 25]}, {""query_id"": 20, ""query"": ""what are the queues manual handle and manual antares in edvin for"", ""category"": ""refund"", ""top_ids"": [3, 47, 7, 51, 32]}, {""query_id"": 34, ""query"": ""what are the systems used in flight irregularities"", ""category"": ""general"", ""top_ids"": [40, 21, 39, 43, 28]}, {""query_id"": 38, ""query"": ""how to add a ghostline"", ""category"": ""pnr"", ""top_ids"": [44, 33, 31, 35, 40]}, {""query_id"": 39, ""query"": ""how to add a remark"", ""category"": ""rebooking"", ""top_ids"": [44, 33, 31, 40, 32]}]",
mod_0066,fixed_tok1200_ov150,gte_multilingual_base,Qdrant,dense_cosine,bge-reranker-base,overlap_relevance,local_offline_fallback,506,56,384,0.097438,1e-06,6.586377,0.695652,0.841897,0.895257,0.932806,0.773626,0.807436,0.657708,0.869516,0.920949,"{""general"": 0.727273, ""passport_dob"": 1.0, ""pnr"": 0.962963, ""rebooking"": 0.906832, ""refund"": 0.923469, ""ticketing"": 0.6875, ""voucher"": 0.956522}","[{""query_id"": 1, ""query"": ""customer has multi pnr and received voucher email only for one pnr"", ""category"": ""voucher"", ""top_ids"": [44, 43, 9, 53, 8]}, {""query_id"": 2, ""query"": ""what is the difference between open ticket and voucher"", ""category"": ""voucher"", ""top_ids"": [29, 40, 43, 25, 32]}, {""query_id"": 3, ""query"": ""what is vi order"", ""category"": ""pnr"", ""top_ids"": [7, 51, 3, 47, 8]}, {""query_id"": 5, ""query"": ""what is sc script - rir message for manual and auto handling in travelport"", ""category"": ""pnr"", ""top_ids"": [43, 32, 10, 54, 40]}, {""query_id"": 8, ""query"": ""how to handle tech alerts in schedule change"", ""category"": ""pnr"", ""top_ids"": [10, 54, 44, 9, 53]}]","[{""query_id"": 4, ""query"": ""how to display an old emd record"", ""category"": ""voucher"", ""top_ids"": [25, 42, 33, 19, 36]}, {""query_id"": 6, ""query"": ""what are different scenarios for sc register errand flow"", ""category"": ""general"", ""top_ids"": [9, 53, 10, 54, 1]}, {""query_id"": 7, ""query"": ""how to register errand templates for sc scenarios"", ""category"": ""general"", ""top_ids"": [9, 53, 21, 10, 54]}, {""query_id"": 10, ""query"": ""what should be indicated in the endorsement box if the tickets require reissue"", ""category"": ""rebooking"", ""top_ids"": [25, 43, 24, 18, 32]}, {""query_id"": 11, ""query"": ""what are airlines table (script) for invl reissue in gds systems"", ""category"": ""pnr"", ""top_ids"": [43, 19, 8, 52, 7]}, {""query_id"": 17, ""query"": ""how many 2nd line support teams are there"", ""category"": ""refund"", ""top_ids"": [26, 27, 11, 55, 25]}, {""query_id"": 20, ""query"": ""what are the queues manual handle and manual antares in edvin for"", ""category"": ""refund"", ""top_ids"": [3, 47, 7, 51, 32]}, {""query_id"": 34, ""query"": ""what are the systems used in flight irregularities"", ""category"": ""general"", ""top_ids"": [40, 21, 39, 43, 28]}, {""query_id"": 38, ""query"": ""how to add a ghostline"", ""category"": ""pnr"", ""top_ids"": [44, 33, 31, 35, 40]}, {""query_id"": 39, ""query"": ""how to add a remark"", ""category"": ""rebooking"", ""top_ids"": [44, 33, 31, 40, 32]}]",
mod_0067,fixed_tok1200_ov150,gte_multilingual_base,PGVector,dense_cosine,Amazon Rerank v1,overlap_relevance,local_offline_fallback,506,56,384,0.097438,1e-06,6.555669,0.6917,0.833992,0.893281,0.932806,0.769018,0.802801,0.65336,0.865563,0.920949,"{""general"": 0.727273, ""passport_dob"": 1.0, ""pnr"": 0.962963, ""rebooking"": 0.906832, ""refund"": 0.918367, ""ticketing"": 0.6875, ""voucher"": 0.956522}","[{""query_id"": 1, ""query"": ""customer has multi pnr and received voucher email only for one pnr"", ""category"": ""voucher"", ""top_ids"": [44, 43, 41, 9, 53]}, {""query_id"": 2, ""query"": ""what is the difference between open ticket and voucher"", ""category"": ""voucher"", ""top_ids"": [29, 40, 32, 43, 25]}, {""query_id"": 3, ""query"": ""what is vi order"", ""category"": ""pnr"", ""top_ids"": [7, 51, 3, 47, 8]}, {""query_id"": 5, ""query"": ""what is sc script - rir message for manual and auto handling in travelport"", ""category"": ""pnr"", ""top_ids"": [43, 29, 32, 7, 51]}, {""query_id"": 8, ""query"": ""how to handle tech alerts in schedule change"", ""category"": ""pnr"", ""top_ids"": [10, 54, 44, 9, 53]}]","[{""query_id"": 4, ""query"": ""how to display an old emd record"", ""category"": ""voucher"", ""top_ids"": [25, 33, 42, 19, 36]}, {""query_id"": 6, ""query"": ""what are different scenarios for sc register errand flow"", ""category"": ""general"", ""top_ids"": [9, 53, 10, 54, 1]}, {""query_id"": 7, ""query"": ""how to register errand templates for sc scenarios"", ""category"": ""general"", ""top_ids"": [9, 53, 33, 21, 10]}, {""query_id"": 10, ""query"": ""what should be indicated in the endorsement box if the tickets require reissue"", ""category"": ""rebooking"", ""top_ids"": [25, 43, 24, 18, 32]}, {""query_id"": 11, ""query"": ""what are airlines table (script) for invl reissue in gds systems"", ""category"": ""pnr"", ""top_ids"": [43, 19, 7, 51, 8]}, {""query_id"": 17, ""query"": ""how many 2nd line support teams are there"", ""category"": ""refund"", ""top_ids"": [26, 27, 11, 55, 25]}, {""query_id"": 20, ""query"": ""what are the queues manual handle and manual antares in edvin for"", ""category"": ""refund"", ""top_ids"": [29, 3, 47, 7, 51]}, {""query_id"": 34, ""query"": ""what are the systems used in flight irregularities"", ""category"": ""general"", ""top_ids"": [40, 21, 39, 43, 28]}, {""query_id"": 38, ""query"": ""how to add a ghostline"", ""category"": ""pnr"", ""top_ids"": [44, 33, 31, 35, 40]}, {""query_id"": 39, ""query"": ""how to add a remark"", ""category"": ""rebooking"", ""top_ids"": [44, 33, 31, 40, 32]}]",
mod_0068,fixed_tok1200_ov150,gte_multilingual_base,PGVector,dense_cosine,Qwen3:4B Rerank,overlap_relevance,local_offline_fallback,506,56,384,0.097438,1e-06,6.585607,0.697628,0.839921,0.893281,0.932806,0.773774,0.807375,0.657312,0.865563,0.920949,"{""general"": 0.727273, ""passport_dob"": 1.0, ""pnr"": 0.962963, ""rebooking"": 0.906832, ""refund"": 0.918367, ""ticketing"": 0.6875, ""voucher"": 0.956522}","[{""query_id"": 1, ""query"": ""customer has multi pnr and received voucher email only for one pnr"", ""category"": ""voucher"", ""top_ids"": [44, 43, 9, 53, 8]}, {""query_id"": 2, ""query"": ""what is the difference between open ticket and voucher"", ""category"": ""voucher"", ""top_ids"": [29, 40, 43, 25, 32]}, {""query_id"": 3, ""query"": ""what is vi order"", ""category"": ""pnr"", ""top_ids"": [7, 51, 3, 47, 8]}, {""query_id"": 5, ""query"": ""what is sc script - rir message for manual and auto handling in travelport"", ""category"": ""pnr"", ""top_ids"": [43, 32, 29, 10, 54]}, {""query_id"": 8, ""query"": ""how to handle tech alerts in schedule change"", ""category"": ""pnr"", ""top_ids"": [10, 54, 44, 9, 53]}]","[{""query_id"": 4, ""query"": ""how to display an old emd record"", ""category"": ""voucher"", ""top_ids"": [25, 42, 33, 19, 36]}, {""query_id"": 6, ""query"": ""what are different scenarios for sc register errand flow"", ""category"": ""general"", ""top_ids"": [9, 53, 10, 54, 1]}, {""query_id"": 7, ""query"": ""how to register errand templates for sc scenarios"", ""category"": ""general"", ""top_ids"": [9, 53, 21, 10, 54]}, {""query_id"": 10, ""query"": ""what should be indicated in the endorsement box if the tickets require reissue"", ""category"": ""rebooking"", ""top_ids"": [25, 43, 24, 18, 32]}, {""query_id"": 11, ""query"": ""what are airlines table (script) for invl reissue in gds systems"", ""category"": ""pnr"", ""top_ids"": [43, 19, 8, 52, 7]}, {""query_id"": 17, ""query"": ""how many 2nd line support teams are there"", ""category"": ""refund"", ""top_ids"": [26, 27, 11, 55, 25]}, {""query_id"": 20, ""query"": ""what are the queues manual handle and manual antares in edvin for"", ""category"": ""refund"", ""top_ids"": [3, 47, 7, 51, 32]}, {""query_id"": 34, ""query"": ""what are the systems used in flight irregularities"", ""category"": ""general"", ""top_ids"": [40, 21, 39, 43, 28]}, {""query_id"": 38, ""query"": ""how to add a ghostline"", ""category"": ""pnr"", ""top_ids"": [44, 33, 31, 35, 40]}, {""query_id"": 39, ""query"": ""how to add a remark"", ""category"": ""rebooking"", ""top_ids"": [44, 33, 31, 40, 32]}]",
mod_0069,fixed_tok1200_ov150,gte_multilingual_base,PGVector,dense_cosine,bge-reranker-base,overlap_relevance,local_offline_fallback,506,56,384,0.097438,1e-06,6.684284,0.695652,0.841897,0.895257,0.932806,0.773626,0.807436,0.657708,0.869516,0.920949,"{""general"": 0.727273, ""passport_dob"": 1.0, ""pnr"": 0.962963, ""rebooking"": 0.906832, ""refund"": 0.923469, ""ticketing"": 0.6875, ""voucher"": 0.956522}","[{""query_id"": 1, ""query"": ""customer has multi pnr and received voucher email only for one pnr"", ""category"": ""voucher"", ""top_ids"": [44, 43, 9, 53, 8]}, {""query_id"": 2, ""query"": ""what is the difference between open ticket and voucher"", ""category"": ""voucher"", ""top_ids"": [29, 40, 43, 25, 32]}, {""query_id"": 3, ""query"": ""what is vi order"", ""category"": ""pnr"", ""top_ids"": [7, 51, 3, 47, 8]}, {""query_id"": 5, ""query"": ""what is sc script - rir message for manual and auto handling in travelport"", ""category"": ""pnr"", ""top_ids"": [43, 32, 10, 54, 40]}, {""query_id"": 8, ""query"": ""how to handle tech alerts in schedule change"", ""category"": ""pnr"", ""top_ids"": [10, 54, 44, 9, 53]}]","[{""query_id"": 4, ""query"": ""how to display an old emd record"", ""category"": ""voucher"", ""top_ids"": [25, 42, 33, 19, 36]}, {""query_id"": 6, ""query"": ""what are different scenarios for sc register errand flow"", ""category"": ""general"", ""top_ids"": [9, 53, 10, 54, 1]}, {""query_id"": 7, ""query"": ""how to register errand templates for sc scenarios"", ""category"": ""general"", ""top_ids"": [9, 53, 21, 10, 54]}, {""query_id"": 10, ""query"": ""what should be indicated in the endorsement box if the tickets require reissue"", ""category"": ""rebooking"", ""top_ids"": [25, 43, 24, 18, 32]}, {""query_id"": 11, ""query"": ""what are airlines table (script) for invl reissue in gds systems"", ""category"": ""pnr"", ""top_ids"": [43, 19, 8, 52, 7]}, {""query_id"": 17, ""query"": ""how many 2nd line support teams are there"", ""category"": ""refund"", ""top_ids"": [26, 27, 11, 55, 25]}, {""query_id"": 20, ""query"": ""what are the queues manual handle and manual antares in edvin for"", ""category"": ""refund"", ""top_ids"": [3, 47, 7, 51, 32]}, {""query_id"": 34, ""query"": ""what are the systems used in flight irregularities"", ""category"": ""general"", ""top_ids"": [40, 21, 39, 43, 28]}, {""query_id"": 38, ""query"": ""how to add a ghostline"", ""category"": ""pnr"", ""top_ids"": [44, 33, 31, 35, 40]}, {""query_id"": 39, ""query"": ""how to add a remark"", ""category"": ""rebooking"", ""top_ids"": [44, 33, 31, 40, 32]}]",
mod_0070,fixed_tok1200_ov150,gte_multilingual_base,Weaviate,dense_cosine,Amazon Rerank v1,overlap_relevance,local_offline_fallback,506,56,384,0.097438,1e-06,6.502441,0.6917,0.833992,0.893281,0.932806,0.769018,0.802801,0.65336,0.865563,0.920949,"{""general"": 0.727273, ""passport_dob"": 1.0, ""pnr"": 0.962963, ""rebooking"": 0.906832, ""refund"": 0.918367, ""ticketing"": 0.6875, ""voucher"": 0.956522}","[{""query_id"": 1, ""query"": ""customer has multi pnr and received voucher email only for one pnr"", ""category"": ""voucher"", ""top_ids"": [44, 43, 41, 9, 53]}, {""query_id"": 2, ""query"": ""what is the difference between open ticket and voucher"", ""category"": ""voucher"", ""top_ids"": [29, 40, 32, 43, 25]}, {""query_id"": 3, ""query"": ""what is vi order"", ""category"": ""pnr"", ""top_ids"": [7, 51, 3, 47, 8]}, {""query_id"": 5, ""query"": ""what is sc script - rir message for manual and auto handling in travelport"", ""category"": ""pnr"", ""top_ids"": [43, 29, 32, 7, 51]}, {""query_id"": 8, ""query"": ""how to handle tech alerts in schedule change"", ""category"": ""pnr"", ""top_ids"": [10, 54, 44, 9, 53]}]","[{""query_id"": 4, ""query"": ""how to display an old emd record"", ""category"": ""voucher"", ""top_ids"": [25, 33, 42, 19, 36]}, {""query_id"": 6, ""query"": ""what are different scenarios for sc register errand flow"", ""category"": ""general"", ""top_ids"": [9, 53, 10, 54, 1]}, {""query_id"": 7, ""query"": ""how to register errand templates for sc scenarios"", ""category"": ""general"", ""top_ids"": [9, 53, 33, 21, 10]}, {""query_id"": 10, ""query"": ""what should be indicated in the endorsement box if the tickets require reissue"", ""category"": ""rebooking"", ""top_ids"": [25, 43, 24, 18, 32]}, {""query_id"": 11, ""query"": ""what are airlines table (script) for invl reissue in gds systems"", ""category"": ""pnr"", ""top_ids"": [43, 19, 7, 51, 8]}, {""query_id"": 17, ""query"": ""how many 2nd line support teams are there"", ""category"": ""refund"", ""top_ids"": [26, 27, 11, 55, 25]}, {""query_id"": 20, ""query"": ""what are the queues manual handle and manual antares in edvin for"", ""category"": ""refund"", ""top_ids"": [29, 3, 47, 7, 51]}, {""query_id"": 34, ""query"": ""what are the systems used in flight irregularities"", ""category"": ""general"", ""top_ids"": [40, 21, 39, 43, 28]}, {""query_id"": 38, ""query"": ""how to add a ghostline"", ""category"": ""pnr"", ""top_ids"": [44, 33, 31, 35, 40]}, {""query_id"": 39, ""query"": ""how to add a remark"", ""category"": ""rebooking"", ""top_ids"": [44, 33, 31, 40, 32]}]",
mod_0071,fixed_tok1200_ov150,gte_multilingual_base,Weaviate,dense_cosine,Qwen3:4B Rerank,overlap_relevance,local_offline_fallback,506,56,384,0.097438,1e-06,6.550221,0.697628,0.839921,0.893281,0.932806,0.773774,0.807375,0.657312,0.865563,0.920949,"{""general"": 0.727273, ""passport_dob"": 1.0, ""pnr"": 0.962963, ""rebooking"": 0.906832, ""refund"": 0.918367, ""ticketing"": 0.6875, ""voucher"": 0.956522}","[{""query_id"": 1, ""query"": ""customer has multi pnr and received voucher email only for one pnr"", ""category"": ""voucher"", ""top_ids"": [44, 43, 9, 53, 8]}, {""query_id"": 2, ""query"": ""what is the difference between open ticket and voucher"", ""category"": ""voucher"", ""top_ids"": [29, 40, 43, 25, 32]}, {""query_id"": 3, ""query"": ""what is vi order"", ""category"": ""pnr"", ""top_ids"": [7, 51, 3, 47, 8]}, {""query_id"": 5, ""query"": ""what is sc script - rir message for manual and auto handling in travelport"", ""category"": ""pnr"", ""top_ids"": [43, 32, 29, 10, 54]}, {""query_id"": 8, ""query"": ""how to handle tech alerts in schedule change"", ""category"": ""pnr"", ""top_ids"": [10, 54, 44, 9, 53]}]","[{""query_id"": 4, ""query"": ""how to display an old emd record"", ""category"": ""voucher"", ""top_ids"": [25, 42, 33, 19, 36]}, {""query_id"": 6, ""query"": ""what are different scenarios for sc register errand flow"", ""category"": ""general"", ""top_ids"": [9, 53, 10, 54, 1]}, {""query_id"": 7, ""query"": ""how to register errand templates for sc scenarios"", ""category"": ""general"", ""top_ids"": [9, 53, 21, 10, 54]}, {""query_id"": 10, ""query"": ""what should be indicated in the endorsement box if the tickets require reissue"", ""category"": ""rebooking"", ""top_ids"": [25, 43, 24, 18, 32]}, {""query_id"": 11, ""query"": ""what are airlines table (script) for invl reissue in gds systems"", ""category"": ""pnr"", ""top_ids"": [43, 19, 8, 52, 7]}, {""query_id"": 17, ""query"": ""how many 2nd line support teams are there"", ""category"": ""refund"", ""top_ids"": [26, 27, 11, 55, 25]}, {""query_id"": 20, ""query"": ""what are the queues manual handle and manual antares in edvin for"", ""category"": ""refund"", ""top_ids"": [3, 47, 7, 51, 32]}, {""query_id"": 34, ""query"": ""what are the systems used in flight irregularities"", ""category"": ""general"", ""top_ids"": [40, 21, 39, 43, 28]}, {""query_id"": 38, ""query"": ""how to add a ghostline"", ""category"": ""pnr"", ""top_ids"": [44, 33, 31, 35, 40]}, {""query_id"": 39, ""query"": ""how to add a remark"", ""category"": ""rebooking"", ""top_ids"": [44, 33, 31, 40, 32]}]",
mod_0072,fixed_tok1200_ov150,gte_multilingual_base,Weaviate,dense_cosine,bge-reranker-base,overlap_relevance,local_offline_fallback,506,56,384,0.097438,1e-06,6.641666,0.695652,0.841897,0.895257,0.932806,0.773626,0.807436,0.657708,0.869516,0.920949,"{""general"": 0.727273, ""passport_dob"": 1.0, ""pnr"": 0.962963, ""rebooking"": 0.906832, ""refund"": 0.923469, ""ticketing"": 0.6875, ""voucher"": 0.956522}","[{""query_id"": 1, ""query"": ""customer has multi pnr and received voucher email only for one pnr"", ""category"": ""voucher"", ""top_ids"": [44, 43, 9, 53, 8]}, {""query_id"": 2, ""query"": ""what is the difference between open ticket and voucher"", ""category"": ""voucher"", ""top_ids"": [29, 40, 43, 25, 32]}, {""query_id"": 3, ""query"": ""what is vi order"", ""category"": ""pnr"", ""top_ids"": [7, 51, 3, 47, 8]}, {""query_id"": 5, ""query"": ""what is sc script - rir message for manual and auto handling in travelport"", ""category"": ""pnr"", ""top_ids"": [43, 32, 10, 54, 40]}, {""query_id"": 8, ""query"": ""how to handle tech alerts in schedule change"", ""category"": ""pnr"", ""top_ids"": [10, 54, 44, 9, 53]}]","[{""query_id"": 4, ""query"": ""how to display an old emd record"", ""category"": ""voucher"", ""top_ids"": [25, 42, 33, 19, 36]}, {""query_id"": 6, ""query"": ""what are different scenarios for sc register errand flow"", ""category"": ""general"", ""top_ids"": [9, 53, 10, 54, 1]}, {""query_id"": 7, ""query"": ""how to register errand templates for sc scenarios"", ""category"": ""general"", ""top_ids"": [9, 53, 21, 10, 54]}, {""query_id"": 10, ""query"": ""what should be indicated in the endorsement box if the tickets require reissue"", ""category"": ""rebooking"", ""top_ids"": [25, 43, 24, 18, 32]}, {""query_id"": 11, ""query"": ""what are airlines table (script) for invl reissue in gds systems"", ""category"": ""pnr"", ""top_ids"": [43, 19, 8, 52, 7]}, {""query_id"": 17, ""query"": ""how many 2nd line support teams are there"", ""category"": ""refund"", ""top_ids"": [26, 27, 11, 55, 25]}, {""query_id"": 20, ""query"": ""what are the queues manual handle and manual antares in edvin for"", ""category"": ""refund"", ""top_ids"": [3, 47, 7, 51, 32]}, {""query_id"": 34, ""query"": ""what are the systems used in flight irregularities"", ""category"": ""general"", ""top_ids"": [40, 21, 39, 43, 28]}, {""query_id"": 38, ""query"": ""how to add a ghostline"", ""category"": ""pnr"", ""top_ids"": [44, 33, 31, 35, 40]}, {""query_id"": 39, ""query"": ""how to add a remark"", ""category"": ""rebooking"", ""top_ids"": [44, 33, 31, 40, 32]}]",
mod_0073,fixed_tok1200_ov150,openai_text-embedding-3-large,Qdrant,dense_cosine,Amazon Rerank v1,overlap_relevance,local_offline_fallback,506,56,512,0.109006,1e-06,8.466583,0.705534,0.865613,0.916996,0.952569,0.788874,0.819506,0.670356,0.893231,0.938785,"{""general"": 0.709091, ""passport_dob"": 1.0, ""pnr"": 0.944444, ""rebooking"": 0.950311, ""refund"": 0.954082, ""ticketing"": 0.6875, ""voucher"": 0.956522}","[{""query_id"": 1, ""query"": ""customer has multi pnr and received voucher email only for one pnr"", ""category"": ""voucher"", ""top_ids"": [44, 43, 8, 52, 41]}, {""query_id"": 2, ""query"": ""what is the difference between open ticket and voucher"", ""category"": ""voucher"", ""top_ids"": [29, 40, 43, 25, 32]}, {""query_id"": 3, ""query"": ""what is vi order"", ""category"": ""pnr"", ""top_ids"": [7, 51, 3, 47, 1]}, {""query_id"": 5, ""query"": ""what is sc script - rir message for manual and auto handling in travelport"", ""category"": ""pnr"", ""top_ids"": [40, 43, 32, 29, 7]}, {""query_id"": 8, ""query"": ""how to handle tech alerts in schedule change"", ""category"": ""pnr"", ""top_ids"": [10, 54, 44, 9, 53]}]","[{""query_id"": 4, ""query"": ""how to display an old emd record"", ""category"": ""voucher"", ""top_ids"": [44, 43, 33, 25, 11]}, {""query_id"": 6, ""query"": ""what are different scenarios for sc register errand flow"", ""category"": ""general"", ""top_ids"": [9, 53, 10, 54, 29]}, {""query_id"": 7, ""query"": ""how to register errand templates for sc scenarios"", ""category"": ""general"", ""top_ids"": [9, 53, 44, 21, 10]}, {""query_id"": 11, ""query"": ""what are airlines table (script) for invl reissue in gds systems"", ""category"": ""pnr"", ""top_ids"": [43, 7, 51, 28, 24]}, {""query_id"": 17, ""query"": ""how many 2nd line support teams are there"", ""category"": ""refund"", ""top_ids"": [11, 55, 43, 27, 26]}, {""query_id"": 34, ""query"": ""what are the systems used in flight irregularities"", ""category"": ""general"", ""top_ids"": [21, 40, 17, 7, 51]}, {""query_id"": 38, ""query"": ""how to add a ghostline"", ""category"": ""pnr"", ""top_ids"": [44, 33, 19, 35, 40]}, {""query_id"": 39, ""query"": ""how to add a remark"", ""category"": ""rebooking"", ""top_ids"": [44, 33, 35, 19, 40]}, {""query_id"": 51, ""query"": ""what are the main payment systems (psp) that arn currently uses"", ""category"": ""general"", ""top_ids"": [16, 12, 56, 23, 21]}, {""query_id"": 53, ""query"": ""why are customers unable to locate their refunds"", ""category"": ""refund"", ""top_ids"": [15, 8, 52, 9, 53]}]",
mod_0074,fixed_tok1200_ov150,openai_text-embedding-3-large,Qdrant,dense_cosine,Qwen3:4B Rerank,overlap_relevance,local_offline_fallback,506,56,512,0.109006,1e-06,8.185553,0.70751,0.867589,0.916996,0.952569,0.790713,0.823886,0.675099,0.893281,0.938735,"{""general"": 0.745455, ""passport_dob"": 1.0, ""pnr"": 0.944444, ""rebooking"": 0.944099, ""refund"": 0.94898, ""ticketing"": 0.6875, ""voucher"": 0.956522}","[{""query_id"": 1, ""query"": ""customer has multi pnr and received voucher email only for one pnr"", ""category"": ""voucher"", ""top_ids"": [44, 43, 8, 52, 41]}, {""query_id"": 2, ""query"": ""what is the difference between open ticket and voucher"", ""category"": ""voucher"", ""top_ids"": [29, 40, 43, 25, 32]}, {""query_id"": 3, ""query"": ""what is vi order"", ""category"": ""pnr"", ""top_ids"": [7, 51, 3, 47, 1]}, {""query_id"": 5, ""query"": ""what is sc script - rir message for manual and auto handling in travelport"", ""category"": ""pnr"", ""top_ids"": [43, 40, 32, 29, 7]}, {""query_id"": 8, ""query"": ""how to handle tech alerts in schedule change"", ""category"": ""pnr"", ""top_ids"": [10, 54, 44, 9, 53]}]","[{""query_id"": 4, ""query"": ""how to display an old emd record"", ""category"": ""voucher"", ""top_ids"": [43, 44, 25, 42, 33]}, {""query_id"": 6, ""query"": ""what are different scenarios for sc register errand flow"", ""category"": ""general"", ""top_ids"": [9, 53, 10, 54, 29]}, {""query_id"": 7, ""query"": ""how to register errand templates for sc scenarios"", ""category"": ""general"", ""top_ids"": [9, 53, 21, 44, 10]}, {""query_id"": 11, ""query"": ""what are airlines table (script) for invl reissue in gds systems"", ""category"": ""pnr"", ""top_ids"": [43, 19, 7, 51, 28]}, {""query_id"": 17, ""query"": ""how many 2nd line support teams are there"", ""category"": ""refund"", ""top_ids"": [11, 55, 43, 27, 26]}, {""query_id"": 34, ""query"": ""what are the systems used in flight irregularities"", ""category"": ""general"", ""top_ids"": [21, 40, 17, 7, 51]}, {""query_id"": 38, ""query"": ""how to add a ghostline"", ""category"": ""pnr"", ""top_ids"": [44, 33, 19, 35, 40]}, {""query_id"": 39, ""query"": ""how to add a remark"", ""category"": ""rebooking"", ""top_ids"": [44, 33, 35, 19, 40]}, {""query_id"": 51, ""query"": ""what are the main payment systems (psp) that arn currently uses"", ""category"": ""general"", ""top_ids"": [16, 12, 56, 23, 21]}, {""query_id"": 53, ""query"": ""why are customers unable to locate their refunds"", ""category"": ""refund"", ""top_ids"": [15, 8, 52, 9, 53]}]",
mod_0075,fixed_tok1200_ov150,openai_text-embedding-3-large,Qdrant,dense_cosine,bge-reranker-base,overlap_relevance,local_offline_fallback,506,56,512,0.109006,1e-06,8.271089,0.719368,0.867589,0.916996,0.952569,0.798896,0.828477,0.677075,0.893281,0.938735,"{""general"": 0.745455, ""passport_dob"": 1.0, ""pnr"": 0.944444, ""rebooking"": 0.944099, ""refund"": 0.94898, ""ticketing"": 0.6875, ""voucher"": 0.956522}","[{""query_id"": 1, ""query"": ""customer has multi pnr and received voucher email only for one pnr"", ""category"": ""voucher"", ""top_ids"": [44, 43, 8, 52, 9]}, {""query_id"": 2, ""query"": ""what is the difference between open ticket and voucher"", ""category"": ""voucher"", ""top_ids"": [29, 40, 43, 25, 32]}, {""query_id"": 3, ""query"": ""what is vi order"", ""category"": ""pnr"", ""top_ids"": [7, 51, 3, 47, 1]}, {""query_id"": 5, ""query"": ""what is sc script - rir message for manual and auto handling in travelport"", ""category"": ""pnr"", ""top_ids"": [43, 40, 32, 1, 45]}, {""query_id"": 8, ""query"": ""how to handle tech alerts in schedule change"", ""category"": ""pnr"", ""top_ids"": [10, 54, 44, 9, 53]}]","[{""query_id"": 4, ""query"": ""how to display an old emd record"", ""category"": ""voucher"", ""top_ids"": [43, 25, 42, 44, 33]}, {""query_id"": 6, ""query"": ""what are different scenarios for sc register errand flow"", ""category"": ""general"", ""top_ids"": [9, 53, 10, 54, 29]}, {""query_id"": 7, ""query"": ""how to register errand templates for sc scenarios"", ""category"": ""general"", ""top_ids"": [9, 53, 21, 10, 54]}, {""query_id"": 11, ""query"": ""what are airlines table (script) for invl reissue in gds systems"", ""category"": ""pnr"", ""top_ids"": [43, 19, 7, 51, 28]}, {""query_id"": 17, ""query"": ""how many 2nd line support teams are there"", ""category"": ""refund"", ""top_ids"": [11, 55, 43, 27, 26]}, {""query_id"": 34, ""query"": ""what are the systems used in flight irregularities"", ""category"": ""general"", ""top_ids"": [21, 40, 17, 7, 51]}, {""query_id"": 38, ""query"": ""how to add a ghostline"", ""category"": ""pnr"", ""top_ids"": [44, 33, 19, 35, 40]}, {""query_id"": 39, ""query"": ""how to add a remark"", ""category"": ""rebooking"", ""top_ids"": [44, 33, 35, 19, 40]}, {""query_id"": 51, ""query"": ""what are the main payment systems (psp) that arn currently uses"", ""category"": ""general"", ""top_ids"": [16, 12, 56, 23, 21]}, {""query_id"": 53, ""query"": ""why are customers unable to locate their refunds"", ""category"": ""refund"", ""top_ids"": [15, 8, 52, 9, 53]}]",
mod_0076,fixed_tok1200_ov150,openai_text-embedding-3-large,PGVector,dense_cosine,Amazon Rerank v1,overlap_relevance,local_offline_fallback,506,56,512,0.109006,1e-06,8.198688,0.705534,0.865613,0.916996,0.952569,0.788874,0.819506,0.670356,0.893231,0.938785,"{""general"": 0.709091, ""passport_dob"": 1.0, ""pnr"": 0.944444, ""rebooking"": 0.950311, ""refund"": 0.954082, ""ticketing"": 0.6875, ""voucher"": 0.956522}","[{""query_id"": 1, ""query"": ""customer has multi pnr and received voucher email only for one pnr"", ""category"": ""voucher"", ""top_ids"": [44, 43, 8, 52, 41]}, {""query_id"": 2, ""query"": ""what is the difference between open ticket and voucher"", ""category"": ""voucher"", ""top_ids"": [29, 40, 43, 25, 32]}, {""query_id"": 3, ""query"": ""what is vi order"", ""category"": ""pnr"", ""top_ids"": [7, 51, 3, 47, 1]}, {""query_id"": 5, ""query"": ""what is sc script - rir message for manual and auto handling in travelport"", ""category"": ""pnr"", ""top_ids"": [40, 43, 32, 29, 7]}, {""query_id"": 8, ""query"": ""how to handle tech alerts in schedule change"", ""category"": ""pnr"", ""top_ids"": [10, 54, 44, 9, 53]}]","[{""query_id"": 4, ""query"": ""how to display an old emd record"", ""category"": ""voucher"", ""top_ids"": [44, 43, 33, 25, 11]}, {""query_id"": 6, ""query"": ""what are different scenarios for sc register errand flow"", ""category"": ""general"", ""top_ids"": [9, 53, 10, 54, 29]}, {""query_id"": 7, ""query"": ""how to register errand templates for sc scenarios"", ""category"": ""general"", ""top_ids"": [9, 53, 44, 21, 10]}, {""query_id"": 11, ""query"": ""what are airlines table (script) for invl reissue in gds systems"", ""category"": ""pnr"", ""top_ids"": [43, 7, 51, 28, 24]}, {""query_id"": 17, ""query"": ""how many 2nd line support teams are there"", ""category"": ""refund"", ""top_ids"": [11, 55, 43, 27, 26]}, {""query_id"": 34, ""query"": ""what are the systems used in flight irregularities"", ""category"": ""general"", ""top_ids"": [21, 40, 17, 7, 51]}, {""query_id"": 38, ""query"": ""how to add a ghostline"", ""category"": ""pnr"", ""top_ids"": [44, 33, 19, 35, 40]}, {""query_id"": 39, ""query"": ""how to add a remark"", ""category"": ""rebooking"", ""top_ids"": [44, 33, 35, 19, 40]}, {""query_id"": 51, ""query"": ""what are the main payment systems (psp) that arn currently uses"", ""category"": ""general"", ""top_ids"": [16, 12, 56, 23, 21]}, {""query_id"": 53, ""query"": ""why are customers unable to locate their refunds"", ""category"": ""refund"", ""top_ids"": [15, 8, 52, 9, 53]}]",
mod_0077,fixed_tok1200_ov150,openai_text-embedding-3-large,PGVector,dense_cosine,Qwen3:4B Rerank,overlap_relevance,local_offline_fallback,506,56,512,0.109006,1e-06,8.372947,0.70751,0.867589,0.916996,0.952569,0.790713,0.823886,0.675099,0.893281,0.938735,"{""general"": 0.745455, ""passport_dob"": 1.0, ""pnr"": 0.944444, ""rebooking"": 0.944099, ""refund"": 0.94898, ""ticketing"": 0.6875, ""voucher"": 0.956522}","[{""query_id"": 1, ""query"": ""customer has multi pnr and received voucher email only for one pnr"", ""category"": ""voucher"", ""top_ids"": [44, 43, 8, 52, 41]}, {""query_id"": 2, ""query"": ""what is the difference between open ticket and voucher"", ""category"": ""voucher"", ""top_ids"": [29, 40, 43, 25, 32]}, {""query_id"": 3, ""query"": ""what is vi order"", ""category"": ""pnr"", ""top_ids"": [7, 51, 3, 47, 1]}, {""query_id"": 5, ""query"": ""what is sc script - rir message for manual and auto handling in travelport"", ""category"": ""pnr"", ""top_ids"": [43, 40, 32, 29, 7]}, {""query_id"": 8, ""query"": ""how to handle tech alerts in schedule change"", ""category"": ""pnr"", ""top_ids"": [10, 54, 44, 9, 53]}]","[{""query_id"": 4, ""query"": ""how to display an old emd record"", ""category"": ""voucher"", ""top_ids"": [43, 44, 25, 42, 33]}, {""query_id"": 6, ""query"": ""what are different scenarios for sc register errand flow"", ""category"": ""general"", ""top_ids"": [9, 53, 10, 54, 29]}, {""query_id"": 7, ""query"": ""how to register errand templates for sc scenarios"", ""category"": ""general"", ""top_ids"": [9, 53, 21, 44, 10]}, {""query_id"": 11, ""query"": ""what are airlines table (script) for invl reissue in gds systems"", ""category"": ""pnr"", ""top_ids"": [43, 19, 7, 51, 28]}, {""query_id"": 17, ""query"": ""how many 2nd line support teams are there"", ""category"": ""refund"", ""top_ids"": [11, 55, 43, 27, 26]}, {""query_id"": 34, ""query"": ""what are the systems used in flight irregularities"", ""category"": ""general"", ""top_ids"": [21, 40, 17, 7, 51]}, {""query_id"": 38, ""query"": ""how to add a ghostline"", ""category"": ""pnr"", ""top_ids"": [44, 33, 19, 35, 40]}, {""query_id"": 39, ""query"": ""how to add a remark"", ""category"": ""rebooking"", ""top_ids"": [44, 33, 35, 19, 40]}, {""query_id"": 51, ""query"": ""what are the main payment systems (psp) that arn currently uses"", ""category"": ""general"", ""top_ids"": [16, 12, 56, 23, 21]}, {""query_id"": 53, ""query"": ""why are customers unable to locate their refunds"", ""category"": ""refund"", ""top_ids"": [15, 8, 52, 9, 53]}]",
mod_0078,fixed_tok1200_ov150,openai_text-embedding-3-large,PGVector,dense_cosine,bge-reranker-base,overlap_relevance,local_offline_fallback,506,56,512,0.109006,1e-06,8.215031,0.719368,0.867589,0.916996,0.952569,0.798896,0.828477,0.677075,0.893281,0.938735,"{""general"": 0.745455, ""passport_dob"": 1.0, ""pnr"": 0.944444, ""rebooking"": 0.944099, ""refund"": 0.94898, ""ticketing"": 0.6875, ""voucher"": 0.956522}","[{""query_id"": 1, ""query"": ""customer has multi pnr and received voucher email only for one pnr"", ""category"": ""voucher"", ""top_ids"": [44, 43, 8, 52, 9]}, {""query_id"": 2, ""query"": ""what is the difference between open ticket and voucher"", ""category"": ""voucher"", ""top_ids"": [29, 40, 43, 25, 32]}, {""query_id"": 3, ""query"": ""what is vi order"", ""category"": ""pnr"", ""top_ids"": [7, 51, 3, 47, 1]}, {""query_id"": 5, ""query"": ""what is sc script - rir message for manual and auto handling in travelport"", ""category"": ""pnr"", ""top_ids"": [43, 40, 32, 1, 45]}, {""query_id"": 8, ""query"": ""how to handle tech alerts in schedule change"", ""category"": ""pnr"", ""top_ids"": [10, 54, 44, 9, 53]}]","[{""query_id"": 4, ""query"": ""how to display an old emd record"", ""category"": ""voucher"", ""top_ids"": [43, 25, 42, 44, 33]}, {""query_id"": 6, ""query"": ""what are different scenarios for sc register errand flow"", ""category"": ""general"", ""top_ids"": [9, 53, 10, 54, 29]}, {""query_id"": 7, ""query"": ""how to register errand templates for sc scenarios"", ""category"": ""general"", ""top_ids"": [9, 53, 21, 10, 54]}, {""query_id"": 11, ""query"": ""what are airlines table (script) for invl reissue in gds systems"", ""category"": ""pnr"", ""top_ids"": [43, 19, 7, 51, 28]}, {""query_id"": 17, ""query"": ""how many 2nd line support teams are there"", ""category"": ""refund"", ""top_ids"": [11, 55, 43, 27, 26]}, {""query_id"": 34, ""query"": ""what are the systems used in flight irregularities"", ""category"": ""general"", ""top_ids"": [21, 40, 17, 7, 51]}, {""query_id"": 38, ""query"": ""how to add a ghostline"", ""category"": ""pnr"", ""top_ids"": [44, 33, 19, 35, 40]}, {""query_id"": 39, ""query"": ""how to add a remark"", ""category"": ""rebooking"", ""top_ids"": [44, 33, 35, 19, 40]}, {""query_id"": 51, ""query"": ""what are the main payment systems (psp) that arn currently uses"", ""category"": ""general"", ""top_ids"": [16, 12, 56, 23, 21]}, {""query_id"": 53, ""query"": ""why are customers unable to locate their refunds"", ""category"": ""refund"", ""top_ids"": [15, 8, 52, 9, 53]}]",
mod_0079,fixed_tok1200_ov150,openai_text-embedding-3-large,Weaviate,dense_cosine,Amazon Rerank v1,overlap_relevance,local_offline_fallback,506,56,512,0.109006,1e-06,8.141895,0.705534,0.865613,0.916996,0.952569,0.788874,0.819506,0.670356,0.893231,0.938785,"{""general"": 0.709091, ""passport_dob"": 1.0, ""pnr"": 0.944444, ""rebooking"": 0.950311, ""refund"": 0.954082, ""ticketing"": 0.6875, ""voucher"": 0.956522}","[{""query_id"": 1, ""query"": ""customer has multi pnr and received voucher email only for one pnr"", ""category"": ""voucher"", ""top_ids"": [44, 43, 8, 52, 41]}, {""query_id"": 2, ""query"": ""what is the difference between open ticket and voucher"", ""category"": ""voucher"", ""top_ids"": [29, 40, 43, 25, 32]}, {""query_id"": 3, ""query"": ""what is vi order"", ""category"": ""pnr"", ""top_ids"": [7, 51, 3, 47, 1]}, {""query_id"": 5, ""query"": ""what is sc script - rir message for manual and auto handling in travelport"", ""category"": ""pnr"", ""top_ids"": [40, 43, 32, 29, 7]}, {""query_id"": 8, ""query"": ""how to handle tech alerts in schedule change"", ""category"": ""pnr"", ""top_ids"": [10, 54, 44, 9, 53]}]","[{""query_id"": 4, ""query"": ""how to display an old emd record"", ""category"": ""voucher"", ""top_ids"": [44, 43, 33, 25, 11]}, {""query_id"": 6, ""query"": ""what are different scenarios for sc register errand flow"", ""category"": ""general"", ""top_ids"": [9, 53, 10, 54, 29]}, {""query_id"": 7, ""query"": ""how to register errand templates for sc scenarios"", ""category"": ""general"", ""top_ids"": [9, 53, 44, 21, 10]}, {""query_id"": 11, ""query"": ""what are airlines table (script) for invl reissue in gds systems"", ""category"": ""pnr"", ""top_ids"": [43, 7, 51, 28, 24]}, {""query_id"": 17, ""query"": ""how many 2nd line support teams are there"", ""category"": ""refund"", ""top_ids"": [11, 55, 43, 27, 26]}, {""query_id"": 34, ""query"": ""what are the systems used in flight irregularities"", ""category"": ""general"", ""top_ids"": [21, 40, 17, 7, 51]}, {""query_id"": 38, ""query"": ""how to add a ghostline"", ""category"": ""pnr"", ""top_ids"": [44, 33, 19, 35, 40]}, {""query_id"": 39, ""query"": ""how to add a remark"", ""category"": ""rebooking"", ""top_ids"": [44, 33, 35, 19, 40]}, {""query_id"": 51, ""query"": ""what are the main payment systems (psp) that arn currently uses"", ""category"": ""general"", ""top_ids"": [16, 12, 56, 23, 21]}, {""query_id"": 53, ""query"": ""why are customers unable to locate their refunds"", ""category"": ""refund"", ""top_ids"": [15, 8, 52, 9, 53]}]",
mod_0080,fixed_tok1200_ov150,openai_text-embedding-3-large,Weaviate,dense_cosine,Qwen3:4B Rerank,overlap_relevance,local_offline_fallback,506,56,512,0.109006,1e-06,8.301907,0.70751,0.867589,0.916996,0.952569,0.790713,0.823886,0.675099,0.893281,0.938735,"{""general"": 0.745455, ""passport_dob"": 1.0, ""pnr"": 0.944444, ""rebooking"": 0.944099, ""refund"": 0.94898, ""ticketing"": 0.6875, ""voucher"": 0.956522}","[{""query_id"": 1, ""query"": ""customer has multi pnr and received voucher email only for one pnr"", ""category"": ""voucher"", ""top_ids"": [44, 43, 8, 52, 41]}, {""query_id"": 2, ""query"": ""what is the difference between open ticket and voucher"", ""category"": ""voucher"", ""top_ids"": [29, 40, 43, 25, 32]}, {""query_id"": 3, ""query"": ""what is vi order"", ""category"": ""pnr"", ""top_ids"": [7, 51, 3, 47, 1]}, {""query_id"": 5, ""query"": ""what is sc script - rir message for manual and auto handling in travelport"", ""category"": ""pnr"", ""top_ids"": [43, 40, 32, 29, 7]}, {""query_id"": 8, ""query"": ""how to handle tech alerts in schedule change"", ""category"": ""pnr"", ""top_ids"": [10, 54, 44, 9, 53]}]","[{""query_id"": 4, ""query"": ""how to display an old emd record"", ""category"": ""voucher"", ""top_ids"": [43, 44, 25, 42, 33]}, {""query_id"": 6, ""query"": ""what are different scenarios for sc register errand flow"", ""category"": ""general"", ""top_ids"": [9, 53, 10, 54, 29]}, {""query_id"": 7, ""query"": ""how to register errand templates for sc scenarios"", ""category"": ""general"", ""top_ids"": [9, 53, 21, 44, 10]}, {""query_id"": 11, ""query"": ""what are airlines table (script) for invl reissue in gds systems"", ""category"": ""pnr"", ""top_ids"": [43, 19, 7, 51, 28]}, {""query_id"": 17, ""query"": ""how many 2nd line support teams are there"", ""category"": ""refund"", ""top_ids"": [11, 55, 43, 27, 26]}, {""query_id"": 34, ""query"": ""what are the systems used in flight irregularities"", ""category"": ""general"", ""top_ids"": [21, 40, 17, 7, 51]}, {""query_id"": 38, ""query"": ""how to add a ghostline"", ""category"": ""pnr"", ""top_ids"": [44, 33, 19, 35, 40]}, {""query_id"": 39, ""query"": ""how to add a remark"", ""category"": ""rebooking"", ""top_ids"": [44, 33, 35, 19, 40]}, {""query_id"": 51, ""query"": ""what are the main payment systems (psp) that arn currently uses"", ""category"": ""general"", ""top_ids"": [16, 12, 56, 23, 21]}, {""query_id"": 53, ""query"": ""why are customers unable to locate their refunds"", ""category"": ""refund"", ""top_ids"": [15, 8, 52, 9, 53]}]",
mod_0081,fixed_tok1200_ov150,openai_text-embedding-3-large,Weaviate,dense_cosine,bge-reranker-base,overlap_relevance,local_offline_fallback,506,56,512,0.109006,1e-06,8.228358,0.719368,0.867589,0.916996,0.952569,0.798896,0.828477,0.677075,0.893281,0.938735,"{""general"": 0.745455, ""passport_dob"": 1.0, ""pnr"": 0.944444, ""rebooking"": 0.944099, ""refund"": 0.94898, ""ticketing"": 0.6875, ""voucher"": 0.956522}","[{""query_id"": 1, ""query"": ""customer has multi pnr and received voucher email only for one pnr"", ""category"": ""voucher"", ""top_ids"": [44, 43, 8, 52, 9]}, {""query_id"": 2, ""query"": ""what is the difference between open ticket and voucher"", ""category"": ""voucher"", ""top_ids"": [29, 40, 43, 25, 32]}, {""query_id"": 3, ""query"": ""what is vi order"", ""category"": ""pnr"", ""top_ids"": [7, 51, 3, 47, 1]}, {""query_id"": 5, ""query"": ""what is sc script - rir message for manual and auto handling in travelport"", ""category"": ""pnr"", ""top_ids"": [43, 40, 32, 1, 45]}, {""query_id"": 8, ""query"": ""how to handle tech alerts in schedule change"", ""category"": ""pnr"", ""top_ids"": [10, 54, 44, 9, 53]}]","[{""query_id"": 4, ""query"": ""how to display an old emd record"", ""category"": ""voucher"", ""top_ids"": [43, 25, 42, 44, 33]}, {""query_id"": 6, ""query"": ""what are different scenarios for sc register errand flow"", ""category"": ""general"", ""top_ids"": [9, 53, 10, 54, 29]}, {""query_id"": 7, ""query"": ""how to register errand templates for sc scenarios"", ""category"": ""general"", ""top_ids"": [9, 53, 21, 10, 54]}, {""query_id"": 11, ""query"": ""what are airlines table (script) for invl reissue in gds systems"", ""category"": ""pnr"", ""top_ids"": [43, 19, 7, 51, 28]}, {""query_id"": 17, ""query"": ""how many 2nd line support teams are there"", ""category"": ""refund"", ""top_ids"": [11, 55, 43, 27, 26]}, {""query_id"": 34, ""query"": ""what are the systems used in flight irregularities"", ""category"": ""general"", ""top_ids"": [21, 40, 17, 7, 51]}, {""query_id"": 38, ""query"": ""how to add a ghostline"", ""category"": ""pnr"", ""top_ids"": [44, 33, 19, 35, 40]}, {""query_id"": 39, ""query"": ""how to add a remark"", ""category"": ""rebooking"", ""top_ids"": [44, 33, 35, 19, 40]}, {""query_id"": 51, ""query"": ""what are the main payment systems (psp) that arn currently uses"", ""category"": ""general"", ""top_ids"": [16, 12, 56, 23, 21]}, {""query_id"": 53, ""query"": ""why are customers unable to locate their refunds"", ""category"": ""refund"", ""top_ids"": [15, 8, 52, 9, 53]}]",
